message_id,file_id,caption,file_size,id,title,photos
2220,BAACAgEAAx0Ec8rVjQACCKxkZJmKt-leb7SDbZdArKJYCnmoVQAC-QEAAo_7YUbyzQ8nyHSwky8E,"Zorro

Tili: oÊ»zbek tilida
Janri: jangari sarguzasht
Sifati: 720p

Kino qidirish

ğŸ“¥",819,1,Zorro,2220.jpg
2221,BAACAgQAAx0Ec8rVjQACCK1kZJmL8H8uaPwcuC4W7tnJdLwaBwACBhAAAlqDaVAdZYnFGtbp_C8E,"Qonli tatil

Tili: oÊ»zbek tilida
Janri: komediya qoÊ»rqinchli
Sifati: 720p
Davlati: AQSh
Yili: 2022

Kino qidirish

ğŸ“¥",1009,2,Qonli tatil,2221.jpg
2222,BAACAgEAAx0Ec8rVjQACCK5kZJmLSq-hTSSIxuVZyqhU--fTJAACLAIAAl6a0US3YGXl3HCaTi8E,"Qo'rqmas

Tili: O'zbek tilida
Sifati  480p
Yili 2003
Davlat: AQSH",671,3,Qorqmas,2222.jpg
2223,BAACAgIAAx0Ec8rVjQACCK9kZJmM3EGy87VlBnsuiyEk4LCu7wACEwsAAql4-ErN-XlMV5DZ6S8E,"#tarjima #romantik #melodramma

Nomi: Shamol Shiddati

Davlati: Janubiy Koreya
Sanasi: 2017
Tili: O'zbek tilida (Tarjima)

Kino qidirish

ğŸ“¥",539,4,tarjima romantik melodramma,2223.jpg
2224,BAACAgQAAx0Ec8rVjQACCLBkZJmNqK19bYLVLzBEIpKq-vk8EQAChw8AAjodIVHPdUQzIiIvBi8E,"Nomi: Qonli O'yin yohud qimirlagan O'ladi

Davlati: Yaponiya
Sanasi: 2021
Tili: O'zbek tilida (Tarjima)

Kino qidirish

ğŸ“¥",370,5,Qonli Oyin yohud qimirlagan Oladi,2224.jpg
2225,BAACAgQAAx0Ec8rVjQACCLFkZJmQScNkgoR5xa2VUe-2dqmELgACJAoAAn7r0VCKOwfY4dMKWi8E,"Yulduzlar Aybdormi

Davlati: Aqsh
Sanasi: 2016
Tili: O'zbek tilida (Tarjima)

Kino qidirish

ğŸ“¥",506,6,Yulduzlar Aybdormi,2225.jpg
2226,BAACAgQAAx0Ec8rVjQACCLJkZJmR0Dy0E3onukwH8yr9HR4-kwACWhAAAnVzeFBfPnyCAWgQVi8E,"Omad

Tili: oÊ»zbek tilida
Janri: komediya Sarguzasht multfilm
Sifati: 480p
Yili: 2022
Davlati: AQSh

Kino qidirish

ğŸ“¥",587,7,Omad,2226.jpg
2227,BAACAgQAAx0Ec8rVjQACCLNkZJmRtyhntjFY_U18dBAc1VcteAACbxEAAgK12VJPA2EtdytPEi8E,"Yovuz oÊ»liklar 2

Tili: oÊ»zbek tilida
Janri: triller Horror 
Sifati: 720p

Kino qidirish

Yangiliklar
ğŸ‘‰ 
ğŸ‘‰ ",523,8,Yovuz oÊ»liklar 2,2227.jpg
2228,BAACAgQAAx0Ec8rVjQACCLRkZJmSrPWZet7VnZhocxa0U5M9lQACdBEAAgK12VKvSajSV07I1i8E,"Yovuz oÊ»liklar 2

Tili: oÊ»zbek tilida
Janri: triller Horror 
Sifati: 1080p

Kino qidirish

Yangiliklar
ğŸ‘‰ 
ğŸ‘‰ ",1160,9,Yovuz oÊ»liklar 2,2228.jpg
2229,BAACAgEAAx0Ec8rVjQACCLVkZJmSW23wNzu4xGx0cSL4Qo4fFAACeQMAAuPG2EacTE4PqE-tBC8E,"Shoqol 

Tili: oÊ»zbek tilida
Janri: jangari triller jinoyat 
Sifati: 480p
Davlati:  AQSh 

Kino qidirish

Yangiliklar
ğŸ‘‰ 
ğŸ‘‰ ",502,10,Shoqol,2229.jpg
2230,BAACAgEAAx0Ec8rVjQACCLZkZJmWSmYy06EPMuhi_KCPcNZCngACcQMAAuPG2EasvvPQkcyU6i8E,"Shoqol 

Tili: oÊ»zbek tilida
Janri: jangari triller jinoyat 
Sifati: 720p
Davlati:  AQSh 

Kino qidirish

Yangiliklar
ğŸ‘‰ 
ğŸ‘‰ ",839,11,Shoqol,2230.jpg
2231,BAACAgQAAx0Ec8rVjQACCLdkZJmWArL0SitI2Oyq4gPYfT-3WQACahEAAgK12VIwjlA8qOkxwS8E,"Yovuz oÊ»liklar 2

Tili: oÊ»zbek tilida
Janri: triller Horror 
Sifati: 480p

Kino qidirish

Yangiliklar
ğŸ‘‰ 
ğŸ‘‰ ",331,12,Yovuz oÊ»liklar 2,2231.jpg
2232,BAACAgQAAx0Ec8rVjQACCLhkZJmXRHqSl2pyXpan0vicYv1eygACbxEAAgK12VJPA2EtdytPEi8E,"Yovuz oÊ»liklar 2

Tili: oÊ»zbek tilida
Janri: triller Horror 
Sifati: 720p

Kino qidirish

Yangiliklar
ğŸ‘‰ 
ğŸ‘‰ ",523,13,Yovuz oÊ»liklar 2,2232.jpg
2233,BAACAgQAAx0Ec8rVjQACCLlkZJmXgc-8h7VFmFw5ISR7wN2PVAACdBEAAgK12VKvSajSV07I1i8E,"Yovuz oÊ»liklar 2

Tili: oÊ»zbek tilida
Janri: triller Horror 
Sifati: 1080p

Kino qidirish

Yangiliklar
ğŸ‘‰ 
ğŸ‘‰ ",1160,14,Yovuz oÊ»liklar 2,2233.jpg
2234,BAACAgEAAx0Ec8rVjQACCLpkZJmYcNzf7cTk6BcGiemkBzAf-gACeQMAAuPG2EacTE4PqE-tBC8E,"Shoqol 

Tili: oÊ»zbek tilida
Janri: jangari triller jinoyat 
Sifati: 480p
Davlati:  AQSh 

Kino qidirish

Yangiliklar
ğŸ‘‰ 
ğŸ‘‰ ",502,15,Shoqol,2234.jpg
2235,BAACAgEAAx0Ec8rVjQACCLtkZJmbpNW1GRcdRxDsHIT5NB8QDgACcQMAAuPG2EasvvPQkcyU6i8E,"Shoqol 

Tili: oÊ»zbek tilida
Janri: jangari triller jinoyat 
Sifati: 720p
Davlati:  AQSh 

Kino qidirish

Yangiliklar
ğŸ‘‰ 
ğŸ‘‰ ",839,16,Shoqol,2235.jpg
2236,BAACAgEAAx0Ec8rVjQACCLxkZJmcpHtL2l0oB7KeeWPmUSxNCAACJgMAAhq_eEaVVTu3CT5mky8E,"ğŸ¬ Chupa
ğŸ‡ºğŸ‡¿ O'zbek tilida 
ğŸ’¿ Sifat: 480p.
ğŸ Janri: Fantastika. Drama. Sarguzasht. Oila 
@uckinoâ€Œâ€Œ",546,17,Chupa,2236.jpg
2237,BAACAgEAAx0Ec8rVjQACCL1kZJmdlK0XEtT_cI6V8TO7P91EKgACJAMAAhq_eEYB9qyf5HAJpy8E,"ğŸ¬ Chupa
ğŸ‡ºğŸ‡¿ O'zbek tilida 
ğŸ’¿ Sifat: 720p.
ğŸ Janri: Fantastika. Drama. Sarguzasht. Oila 
@uckinoâ€Œâ€Œ",899,18,Chupa,2237.jpg
2238,BAACAgQAAx0Ec8rVjQACCL5kZJmdF2xbRLPDBiYTbj5IpD3kBAACSw0AAlJpeFL2NZkr-gABkrMvBA,"ğŸ¬ Chupa
ğŸ‡ºğŸ‡¿ O'zbek tilida 
ğŸ’¿ Sifat: 1080p.
ğŸ Janri: Fantastika. Drama. Sarguzasht. Oila 
@uckinoâ€Œâ€Œ",2659,19,Chupa,2238.jpg
2239,BAACAgIAAx0Ec8rVjQACCL9kZJoWpO47-dfInTz487mZljHv1QAC5yAAAnqRwEt3R9zo9xpjDy8E,"Ğ˜Ğ¼Ñ (2012)

#Ğ´Ñ€Ğ°Ğ¼Ğ° #ĞºĞ¾Ğ¼ĞµĞ´Ğ¸Ñ",909,20,Ğ˜Ğ¼Ñ,2239.jpg
2240,BAACAgQAAx0Ec8rVjQACCMBkZJoWIdgoPvSLuEDL20_jErz_LwACSw4AAp6f-VObUf_ALoUdWy8E,Morgdagi qotillik 480p O'zbek tilida,391,21,Morgdagi qotillik,2240.jpg
2241,BAACAgQAAx0Ec8rVjQACCMFkZJoXNq11fBQeUjCzMLpKTdxKIwACUA4AAp6f-VMBDjVW0lHUZi8E,Morgdagi qotillik 720p O'zbek tilida,641,22,Morgdagi qotillik,2241.jpg
2242,BAACAgEAAx0Ec8rVjQACCMJkZJoYQsoRhRfX1hs5W6KiV-YF_gACNwwAAvn-YEZNgGz8CghDDS8E,"Gâ€˜alati narsalar | Ajabtovur ishlar 13-Qism

Kodi: 701
Tili: oÊ»zbek tilida
Janri: Sarguzasht qoÊ»rqinchli fantaziya
Sifati: 720p

Yangiliklar
ğŸ‘‰ 
ğŸ‘‰ ",562,23,Gâ€˜alati narsalar | Ajabtovur ishlar 13-Qism,2242.jpg
2243,BAACAgEAAx0Ec8rVjQACCMNkZJoYPOWYaCLW5PUPFhvQiPepnQACVAwAAvn-YEaUu3aJ5iZrIC8E,"Gâ€˜alati narsalar | Ajabtovur ishlar 14-Qism

Kodi: 701
Tili: oÊ»zbek tilida
Janri: Sarguzasht qoÊ»rqinchli fantaziya
Sifati: 720p

Yangiliklar
ğŸ‘‰ 
ğŸ‘‰ ",511,24,Gâ€˜alati narsalar | Ajabtovur ishlar 14-Qism,2243.jpg
2244,BAACAgEAAx0Ec8rVjQACCMRkZJocv8vCQdttamtbkdm-jC_uZwACrQsAApQaiEaERWxJQq85hC8E,"Gâ€˜alati narsalar | Ajabtovur ishlar 15-Qism

Kodi: 701
Tili: oÊ»zbek tilida
Janri: Sarguzasht qoÊ»rqinchli fantaziya
Sifati: 720p

Yangiliklar
ğŸ‘‰ 
ğŸ‘‰ ",413,25,Gâ€˜alati narsalar | Ajabtovur ishlar 15-Qism,2244.jpg
2245,BAACAgQAAx0Ec8rVjQACCMVkZJodpvkkF44WU1eLaKDaUbHntAACfQsAAj20yFOslpeyUkw0yi8E,"Biz hammamiz o'likmiz ğŸ§Ÿâ€â™‚
1-qism
O'ZBEK TILIDA
Mobil HD 360p

 ",330,26,Biz hammamiz olikmiz ğŸ§Ÿâ€â™‚,2245.jpg
2246,BAACAgQAAx0Ec8rVjQACCMZkZJoeqwesw9OPKvOUm593h_g1FAACgAsAAj20yFM1GcsIM11j9y8E,"Biz hammamiz o'likmiz ğŸ§Ÿâ€â™‚
2-qism
O'ZBEK TILIDA
HD 360p

 ",365,27,Biz hammamiz olikmiz ğŸ§Ÿâ€â™‚,2246.jpg
2247,BAACAgQAAx0Ec8rVjQACCMdkZJoewsaZZThLBuvo_OBuKGr50gACkwsAAj20yFMGsgqV6gteuC8E,"Biz hammamiz o'likmiz ğŸ§Ÿâ€â™‚
3-qism
O'ZBEK TILIDA
HD 360p

 ",312,28,Biz hammamiz olikmiz ğŸ§Ÿâ€â™‚,2247.jpg
2248,BAACAgQAAx0Ec8rVjQACCMhkZJofg9U3E7lrvK0psXXM5DALwAACwAsAAj202FMyq9RI42vIBC8E,"Biz hammamiz o'likmiz ğŸ§Ÿâ€â™‚
4-qism
O'ZBEK TILIDA
HD 360p

 ",349,29,Biz hammamiz olikmiz ğŸ§Ÿâ€â™‚,2248.jpg
2249,BAACAgQAAx0Ec8rVjQACCMlkZJojBRoW8DExjyA53UiJItkZZAACiQkAArel6VNfyS0XukpdUy8E,"Biz hammamiz o'likmiz ğŸ§Ÿâ€â™‚
5-qism
O'ZBEK TILIDA
HD 360p

 ",280,30,Biz hammamiz olikmiz ğŸ§Ÿâ€â™‚,2249.jpg
2250,BAACAgQAAx0Ec8rVjQACCMpkZJoj1LeLMy-dGVuetHia5WusSwACjgkAArel6VMbJI6OO3FB1i8E,"Biz hammamiz o'likmiz ğŸ§Ÿâ€â™‚
6-qism
O'ZBEK TILIDA
HD 360p

 ",302,31,Biz hammamiz olikmiz ğŸ§Ÿâ€â™‚,2250.jpg
2251,BAACAgQAAx0Ec8rVjQACCMtkZJokdNQHEWEIKqVTIP8rUcXs5wACkAkAArel6VMUwyOb6v9DNC8E,"Biz hammamiz o'likmiz ğŸ§Ÿâ€â™‚
7-qism
O'ZBEK TILIDA
HD 360p

 ",289,32,Biz hammamiz olikmiz ğŸ§Ÿâ€â™‚,2251.jpg
2252,BAACAgQAAx0Ec8rVjQACCMxkZJolrC0iXePc4FJ8iNULiXBRmwAClAkAArel6VPNPK13jcXdGS8E,"Biz hammamiz o'likmiz ğŸ§Ÿâ€â™‚
8-qism
O'ZBEK TILIDA
HD 360p

 ",252,33,Biz hammamiz olikmiz ğŸ§Ÿâ€â™‚,2252.jpg
2253,BAACAgQAAx0Ec8rVjQACCM1kZJolmhcFyO0RjXR65FMOQlnY8gAClwkAArel6VMotu38UA7aBS8E,"Biz hammamiz o'likmiz ğŸ§Ÿâ€â™‚
9-qism
O'ZBEK TILIDA
HD 360p

 ",279,34,Biz hammamiz olikmiz ğŸ§Ÿâ€â™‚,2253.jpg
2254,BAACAgQAAx0Ec8rVjQACCM5kZJopjNkG5E8-n5e14dKh515KRgACmwkAArel6VP9YEWmVZvEBC8E,"Biz hammamiz o'likmiz ğŸ§Ÿâ€â™‚
10-qism
O'ZBEK TILIDA
HD 360p

 ",275,35,Biz hammamiz olikmiz ğŸ§Ÿâ€â™‚,2254.jpg
2255,BAACAgQAAx0Ec8rVjQACCM9kZJoqPrFPmvtfjg0igJ9HiSCltQACtg0AArel8VNbISjKVslOuy8E,"Biz hammamiz o'likmiz ğŸ§Ÿâ€â™‚
11-qism
O'ZBEK TILIDA
HD 360p

 ",283,36,Biz hammamiz olikmiz ğŸ§Ÿâ€â™‚,2255.jpg
2256,BAACAgQAAx0Ec8rVjQACCNBkZJorNxP1In7GUs_X8gM0VU4XZAACuQ0AArel8VOQTmwrgmDE8S8E,"Biz hammamiz o'likmiz ğŸ§Ÿâ€â™‚
12-qism FINAL
O'ZBEK TILIDA
HD 360p

 ",260,37,Biz hammamiz olikmiz ğŸ§Ÿâ€â™‚,2256.jpg
2257,BAACAgIAAx0Ec8rVjQACCNFkZJosthgd1xjiK5QpuKmhJHNLVwAChBMAAou6MUh9XUoIXYiwyy8E,"Daxshatli Uy
1-Qism
O'ZBEK TILIDA

 ",174,38,Daxshatli Uy,2257.jpg
2258,BAACAgQAAx0Ec8rVjQACCNJkZJoszShHP9bq8AABjulh16obD4gAApkOAAKvwzlQ_0LrarlCSKQvBA,"Daxshatli Uy
2-Qism
O'ZBEK TILIDA

 ",214,39,Daxshatli Uy,2258.jpg
2259,BAACAgIAAx0Ec8rVjQACCNNkZJqlizCAh057isPAplnx4Cuk1wAC7xQAAtmcQEjN-9qUQYnnLS8E,"Daxshatli Uy
3-Qism
O'ZBEK TILIDA

 ",169,40,Daxshatli Uy,2259.jpg
2260,BAACAgQAAx0Ec8rVjQACCNRkZJqlynhh0hmZAAEvzrxG8hJwDMsAApsLAAJS-UhQT2D_c4EivMovBA,"Daxshatli Uy
4-Qism
O'ZBEK TILIDA

 ",149,41,Daxshatli Uy,2260.jpg
2261,BAACAgQAAx0Ec8rVjQACCNVkZJqmiwpN70uJbQxkLqr-YSj4OAACdwwAAmrnWFD52YxQRuYrpy8E,"ğŸ¬ Daxshatli UY
ğŸ“‚ 5-qism
ğŸ‡ºğŸ‡¿ O'zbek tilida (uzmovi)

 ",158,42,Daxshatli UY,2261.jpg
2262,BAACAgQAAx0Ec8rVjQACCNZkZJqmVdJ-Pa7XjgLkBM2inEY24gACUg0AAhjTYVAlpnrXGzpmcC8E,"ğŸ¬Nomi: Daxshatli Uy: 6-qism
ğŸ“†Yili: 2020
ğŸ‡ºğŸ‡¿Tili: Oâ€˜zbek 

 ",218,43,6-qism,2262.jpg
2263,BAACAgEAAx0Ec8rVjQACCNdkZJqncCzMIk5SB7_gG7ia2FgEjgACIwMAAqf8aERFrWh4ejHiHi8E,"ğŸ¬Nomi: Daxshatli Uy: 7-qism
ğŸ“†Yili: 2020
ğŸ‡ºğŸ‡¿Tili: Oâ€˜zbek 

 ",184,44,7-qism,2263.jpg
2264,BAACAgIAAx0Ec8rVjQACCNhkZJqqgP70_fz8-RVp8I3coPNzIwAC3BQAAnvpcEi-SsBBsy-JVC8E,"ğŸ¬Nomi: Daxshatli Uy: 8-qism
ğŸ“†Yili: 2020
ğŸ‡ºğŸ‡¿Tili: Oâ€˜zbek

 ",195,45,8-qism,2264.jpg
2265,BAACAgQAAx0Ec8rVjQACCNlkZJqrXLZ1nntYIqvrynZquCBbfgAC2goAApZqgVDK82JdnG6hIy8E,"ğŸ¬ Daxshatli UY
ğŸ“‚ 9-qism
ğŸ‡ºğŸ‡¿ O'zbek tilida (uzmovi)

 ",209,46,Daxshatli UY,2265.jpg
2266,BAACAgQAAx0Ec8rVjQACCNpkZJqrXcVdifIiqAdoR06KFFAVUQACxAsAAuc1gFA7GYiYCBz3OC8E,"ğŸ¬ Daxshatli UY
ğŸ“‚ 10-qism
ğŸ‡ºğŸ‡¿ O'zbek tilida (uzmovi)

 ",235,47,Daxshatli UY,2266.jpg
2267,BAACAgEAAx0Ec8rVjQACCNtkZJqsp4HfLEETRBtZtJ_sFCzJfAACrwsAApQaiEYVpO9xDi3Z9S8E,"Gâ€˜alati narsalar | Ajabtovur ishlar 16-Qism

Kodi: 701
Tili: oÊ»zbek tilida
Janri: Sarguzasht qoÊ»rqinchli fantaziya
Sifati: 720p

Yangiliklar
ğŸ‘‰ 
ğŸ‘‰ ",428,48,Gâ€˜alati narsalar | Ajabtovur ishlar 16-Qism,2267.jpg
2268,BAACAgEAAx0Ec8rVjQACCNxkZJqsCGy9Rc8fg_m9ihYlKdMyFAACtwIAAjqymUbN2Zh6CixnZy8E,"Gâ€˜alati narsalar | Ajabtovur ishlar 17-Qism

Kodi: 701
Tili: oÊ»zbek tilida
Janri: Sarguzasht qoÊ»rqinchli fantaziya
Sifati: 720p

Yangiliklar
ğŸ‘‰ 
ğŸ‘‰ ",630,49,Gâ€˜alati narsalar | Ajabtovur ishlar 17-Qism,2268.jpg
2269,BAACAgEAAx0Ec8rVjQACCN1kZJqwg5ItapWnYQAB6EAEjPAY8d0AAroCAAI6splGQmep8a7YGSQvBA,"Gâ€˜alati narsalar | Ajabtovur ishlar 18-Qism

Kodi: 701
Tili: oÊ»zbek tilida
Janri: Sarguzasht qoÊ»rqinchli fantaziya
Sifati: 720p

Yangiliklar
ğŸ‘‰ 
ğŸ‘‰ ",695,50,Gâ€˜alati narsalar | Ajabtovur ishlar 18-Qism,2269.jpg
2270,BAACAgEAAx0Ec8rVjQACCN5kZJqxv4eqkISX0lQMAAHV2UEUMGQAAnsDAAI6sqFG_0aWLInmqU0vBA,"Gâ€˜alati narsalar | Ajabtovur ishlar 19-Qism

Kodi: 701
Tili: oÊ»zbek tilida
Janri: Sarguzasht qoÊ»rqinchli fantaziya
Sifati: 720p

Yangiliklar
ğŸ‘‰ 
ğŸ‘‰ ",641,51,Gâ€˜alati narsalar | Ajabtovur ishlar 19-Qism,2270.jpg
2271,BAACAgEAAx0Ec8rVjQACCN9kZJqyIpDnuh3dXyIZfN6BDme7tQACQAMAAkBc0UbIEfwukGmaLS8E,"Gâ€˜alati narsalar | Ajabtovur ishlar 20-Qism

Kodi: 701
Tili: oÊ»zbek tilida
Janri: Sarguzasht qoÊ»rqinchli fantaziya
Sifati: 720p

Yangiliklar
ğŸ‘‰ 
ğŸ‘‰ ",522,52,Gâ€˜alati narsalar | Ajabtovur ishlar 20-Qism,2271.jpg
2272,BAACAgEAAx0Ec8rVjQACCOBkZJqyzsBdwX8-0BAFiPQq4YG5ZwACiwQAAtN00Ub8iYoVPfHdwy8E,"Gâ€˜alati narsalar | Ajabtovur ishlar 21-Qism

Kodi: 701
Tili: oÊ»zbek tilida
Janri: Sarguzasht qoÊ»rqinchli fantaziya
Sifati: 720p

Yangiliklar
ğŸ‘‰ 
ğŸ‘‰ ",584,53,Gâ€˜alati narsalar | Ajabtovur ishlar 21-Qism,2272.jpg
2273,BAACAgQAAx0Ec8rVjQACCOFkZJqzRSPlcmZ6oTaROnPdivzWjgAC7w8AAjtq6FLSmWQclPDEoC8E,"Gâ€˜alati narsalar | Ajabtovur ishlar 22-Qism

Kodi: 701
Tili: oÊ»zbek tilida
Janri: Sarguzasht qoÊ»rqinchli fantaziya
Sifati: 720p

Yangiliklar
ğŸ‘‰ 
ğŸ‘‰ ",651,54,Gâ€˜alati narsalar | Ajabtovur ishlar 22-Qism,2273.jpg
2274,BAACAgIAAx0Ec8rVjQACCOJkZJq2Rdyu1NJFaNyaPTmnBt8C5gACEycAAv2nyUpGcpcpJiUarS8E,"#PREMYERA 
ğŸ¬ OSVENSIM CHEMPIONI 
â° YILI 2020
ğŸ‡ºğŸ‡¿ O'ZBEK TILIDA
ğŸ“€ SIFATI 1080P HD 
ğŸ JANRI BIOGRAFIYA HARBIY SPORT 
ğŸ‡µğŸ‡± DAVLATI POLSHA",1585,55,OSVENSIM CHEMPIONI,2274.jpg
2275,BAACAgIAAx0Ec8rVjQACCONkZJq3SpYnfKanQCS9FkJVlpZeQQACJicAAv2nyUqtJRPJUxChbC8E,"#PREMYERAğŸ”¥
ğŸ¬Volfxaund / Wolf Hound
ğŸ‡ºğŸ‡¿Tili: O'zbek tilida 
ğŸ‡ºğŸ‡¸Davlati: AQSH 
ğŸ“†Yili: 2022
ğŸJanri: Harbiy Tarixiy Jangari
ğŸ’½Sifati: 720p",1021,56,Volfxaund / Wolf Hound,2275.jpg
2276,BAACAgQAAx0Ec8rVjQACCORkZJq4DmQbv0pFeafJM2J4LceAdgACCAcAAs4FeFPGs84CyCWUWy8E,"'Zombilar makoni'
Uzbek Tilida
Sfati 720p
Davlati Aqsh",413,57,Zombilar makoni,2276.jpg
2277,BAACAgQAAx0Ec8rVjQACCOVkZJq4NNhX14NrOG25ahH-LnxB0gACrwkAAkCaAAFSDjlFiALkGmQvBA,"ğŸ¥ Sehrlangan Ella
ğŸ“¹ Sifati: HD 720p
ğŸ“† Yil: 2004
ğŸ Janr: Komediya Melodrama #Hayoliy #Sarguzasht 
ğŸ‡ºğŸ‡¸ Davlat: AQSH Irlandiya Buyuk Britaniya
ğŸ‡ºğŸ‡¿ Tarjima: O'zbek tilida                                                             Reaksiya qoldring âš¡ï¸âš¡ï¸âš¡ï¸                                       Eng zor kinolar bizning kanalda",986,58,Sehrlangan Ella,2277.jpg
2278,BAACAgQAAx0Ec8rVjQACCOZkZJq4QqqVeT0Cz4JVjtyE49pGywACrAgAAtak6VFwW8EQLCo5HS8E,"ğŸ¥Qog'oz Shahar
Uzbek Tilida
sfat 480p Mobile HD
Janri: Drama# #kamediya",439,59,Qogoz Shahar,2278.jpg
2279,BAACAgQAAx0Ec8rVjQACCOdkZJrhq7pSu8GSL8Es6uLrXAZV-wACJwsAAhazIFCxnq-CV96SrC8E,"ğŸ¥ Kino nomi: Qopqon
ğŸ“¹ Sifati: HD 480p
ğŸ“† Yil: 2020
ğŸ Janr: #Jangari #Qorqinchli
ğŸ‡ºğŸ‡¸ Davlat: Avstraliya AQSH
ğŸ‡ºğŸ‡¿ Tarjima: O'zbek tilida",594,60,Qopqon,2279.jpg
2280,BAACAgIAAx0Ec8rVjQACCOhkZJriVNAdcViCSTjb6LCLiE_LCAACAyIAAiwSaEsugpTDKl4tUS8E,"ğŸ¬ âº Barchasi Sevgi Tufayli
ğŸ‡ºğŸ‡¿ âº O'zbek Tilida",536,61,Barchasi Sevgi Tufayli,2280.jpg
2281,BAACAgQAAx0Ec8rVjQACCOlkZJri_DS2oe_CMqtxxJNWUrnvOgACFQoAAhW1kFN7LB_6jhsQSi8E,"ğŸ¬Eltuvchi : Meros 
ğŸ‡ºğŸ‡¿O'zbek tilida 
ğŸ“€Sifati 720p
ğŸ“†Yili 2015 
ğŸï¸Janri : Jangari Triller 
ğŸ‘¥Bosh rollarda : Ed Skrein Loan Chabonol Tatiana Pajkovich",763,62,Eltuvchi  Meros,2281.jpg
2282,BAACAgIAAx0Ec8rVjQACCOpkZJrjGfvCLvWhS_smoAN6JjgluwACOwIAAm6YIUohZRh0elztwS8E,"ğŸ¬ RISOLAT
Payg'abarimiz Muhammad s.a.v haqida
ğŸ“€ Formati: HD
ğŸ‡ºğŸ‡¿ Tili: Uzbek Tilida
ğŸ Janri: #Tarixiy
#Tarbiyaviy #Diniy
â³ Davomiyligi: 3 SOAT

Ps. Ko'rishni tavsiya qilaman ğŸ˜‰",691,63,RISOLAT,2282.jpg
2283,BAACAgEAAx0Ec8rVjQACCOtkZJrjDAvgMYPW7zXEW37PHdHpsQACnAIAAlDgUUXNnehPrgd2Ni8E,"âš¡ï¸âš¡ï¸âš¡ï¸ PREMYERA âš¡ï¸âš¡ï¸âš¡ï¸

ğŸ¬Kino nomi: Men keldim
ğŸ“…Yili:2022-yil
ğŸ‡ºğŸ‡¿Tili:O'zbek tilida
ğŸ‡ºğŸ‡¸Davlati:AQSH
ğŸ’½Hajmi:649mb
ğŸ’¾Sifati:Yaxshi(720p)
ğŸJanri: #Kirminal #Jangari",649,64,Men keldim,2283.jpg
2284,BAACAgEAAx0Ec8rVjQACCOxkZJrnosCvC456X5ELQ1FlSG1XgwACcQMAAuPG2EasvvPQkcyU6i8E,"Shoqol 

Tili: oÊ»zbek tilida
Janri: jangari triller jinoyat 
Sifati: 720p
Davlati:  AQSh",839,65,Shoqol,2284.jpg
2285,BAACAgIAAx0Ec8rVjQACCO1kZJrn55N76GjWCnaen0SLgfcE6QACeygAAlKpAUmsLxm3zdfY1y8E,"ERTAK 1(The Fable) / O'zbek Tilida Tarjima Kino

 ",283,66,ERTAK 1The Fable /,2285.jpg
2286,BAACAgIAAx0Ec8rVjQACCO5kZJroIFCppnleT_V9q3vDFWZdeQACPSYAAp4qUEr9jQ6PRd-qCi8E,"Ğ¤ÑĞ¹Ğ±Ğ» 1 (2019)

 ",199,67,Ğ¤ÑĞ¹Ğ±Ğ» 1,2286.jpg
2287,BAACAgIAAx0Ec8rVjQACCO9kZJrouSY9dk96204vNzRxGe9IaQACFRwAAvQt4Ug28p5kr9FtXy8E,"Ğ¤ÑĞ¹Ğ±Ğ»  2.  ĞšĞ¸Ğ»Ğ»ĞµÑ€ ĞºĞ¾Ñ‚Ğ¾Ñ€Ñ‹Ğ¹ Ğ½Ğµ ÑƒĞ±Ğ¸Ğ²Ğ°ĞµÑ‚

 ",327,68,Ğ¤ÑĞ¹Ğ±Ğ»  2  ĞšĞ¸Ğ»Ğ»ĞµÑ€ ĞºĞ¾Ñ‚Ğ¾Ñ€Ñ‹Ğ¹ Ğ½Ğµ ÑƒĞ±Ğ¸Ğ²Ğ°ĞµÑ‚,2287.jpg
2288,BAACAgIAAx0Ec8rVjQACCPBkZJrpPRA_MjAtyfdCYo0EnT7OLgACAi0AAnl0eUrWRS0hbJWRfC8E,"ğŸ”¥ SOYA VA SUYAK(1 QISM) ğŸ”¥

ğŸ‡ºğŸ‡¿ âº Tili: O'zbek Tilida 
ğŸŒ âº Davlati: Usa
ğŸ“† âº Yili : 2022
ğŸ âº Formati: 480p HD
âš” âº Janri:  #Jangari #Fantastika #QÃ²rqinchili  #Serial

 ",179,69,SOYA VA SUYAK1 QISM,2288.jpg
2289,BAACAgEAAx0Ec8rVjQACCPFkZJrtiMkITHPuh1T1dEAtb2ScVgACswIAAp_JaUbMTKsTG7lSGS8E,"ğŸ”¥ Premyera  1-fasl
ğŸ¬ Soya va Suyak.  1.Qism
ğŸ Sifat: 720p
ğŸ‡ºğŸ‡¿ O'zbek tilida 
ğŸ“Œ(Uzmovi)koÊ»p ovozli
@uckino",395,70,Soya va Suyak  1Qism,2289.jpg
2290,BAACAgEAAx0Ec8rVjQACCPJkZJrtLD34GPbN6-3VEJZuXGJh2AACswIAAp_JaUbMTKsTG7lSGS8E,"ğŸ¬ Soya va Suyak.  1.Qism
ğŸ Sifat: 720p
ğŸ‡ºğŸ‡¿ O'zbek tilida 
ğŸ“Œ(Uzmovi)koÊ»p ovozli
@uckino",395,71,Soya va Suyak  1Qism,2290.jpg
2291,BAACAgQAAx0Ec8rVjQACCPNkZJruod5UJQABXrn4QcqbInWcSy8AAmUOAALVf9BSdQ77QUd0-P8vBA,"#Premyera2023 ğŸ¤¯âš¡

ğŸ¬Nomi: Galaktika Qo'riqchilari 3
â–â–â–â–â–â–â–â–â–â–
ğŸ‡ºğŸ‡¿Tili: O'zbek Tilida ğŸ‡ºğŸ‡¿ (2023)
ğŸ“€Sifati: 480p TS 
ğŸŒDavlat: AqshğŸ‡ºğŸ‡²
ğŸï¸Janri: #jangari #fantastika",985,72,Galaktika Qoriqchilari 3,2291.jpg
2292,BAACAgQAAx0Ec8rVjQACCPRkZJru4bN36vKsns6G9aojs57j3wACZQ4AAtV_0FJ1DvtBR3T4_y8E,"Galaktika Qo'riqchilari 3
â–â–â–â–â–â–â–â–â–â–
ğŸ‡ºğŸ‡¿Tili: O'zbek Tilida ğŸ‡ºğŸ‡¿ (2023)
ğŸ“€Sifati: 480p TS 
ğŸŒDavlat: AqshğŸ‡ºğŸ‡²
ğŸï¸Janri: #jangari #fantastika 

 ",985,73,Galaktika Qoriqchilari 3,2292.jpg
2293,BAACAgIAAx0Ec8rVjQACCPVkZJrvReWksIzBIL3c8jgfzWnVuAACnxgAAtAcoEkb3_LGSEd_Hy8E,"2pac Ğ›ĞµĞ³ĞµĞ½Ğ´Ğ°
Rus tilida
270p

 ",279,74,2pac Ğ›ĞµĞ³ĞµĞ½Ğ´Ğ°,2293.jpg
2294,BAACAgQAAx0Ec8rVjQACCPZkZJry3D0RlnomCxx8r21G0kLVrQACyg0AAtK4YFIUe3mKZ_lvnC8E,"ğŸ¬ Uoll strit bo'risi 

ğŸ•–Yili 2013
ğŸ‡ºğŸ‡¸ AQSH filmi
ğŸ‡ºğŸ‡¿ O'zbek tilida(1ovozli)
ğŸ¤–Sifati 480p 
#ï¸âƒ£ #biografiya #komediya #drama #leonardoDeKapirio

 ",614,75,Uoll strit borisi,2294.jpg
2295,BAACAgEAAx0Ec8rVjQACCPdkZJrziLK_ZcUIBX3qjzlMVezCFgACAQMAArWzEUemegXTl-U7iy8E,"Renfild 

Tili: oÊ»zbek tilida
Janri: qoÊ»rqinchli jangari 
Sifati: 720p

Kino qidirish

Yangiliklar
ğŸ‘‰ 
ğŸ‘‰ ",737,76,Renfild,2295.jpg
2296,BAACAgUAAx0Ec8rVjQACCPhkZJrzg4B_wJRkb6ohk-0IUHcakQACvgkAAtUIEVcXXCPvIKBXZi8E,"Renfild 

Tili: oÊ»zbek tilida
Janri: qoÊ»rqinchli jangari 
Sifati: 1080p

Kino qidirish

Yangiliklar
ğŸ‘‰ 
ğŸ‘‰ ",2200,77,Renfild,2296.jpg
2297,BAACAgIAAx0Ec8rVjQACCPlkZJr3nZcs4n10iMrzBQZCrmmZDAACRScAAjNkEUva_RLjQ79MSS8E,"ğŸ¬ Qulfbuzar

ğŸ•–Yili 2000
ğŸ‡ºğŸ‡¸ AQSH filmi
ğŸ‡ºğŸ‡¿ O'zbek tilida
ğŸ¤– Sifati 480p 
#ï¸âƒ£ #jangari #detektiv #triller

 ",501,78,Qulfbuzar,2297.jpg
2298,BAACAgIAAx0Ec8rVjQACCPpkZJr3juQfDEeCBqpidtx-vfDJ1QACEi4AAqONEUu5Fmpuq6x0-C8E,"ğŸ¬ Qotil jarroh

ğŸ•–Yili 2017
â›° Daniya filmi
ğŸ‡ºğŸ‡¿ O'zbek tilida
ğŸ¤– Sifati 480p 
#ï¸âƒ£ #jangari #triller #drama #kriminal

 ",439,79,Qotil jarroh,2298.jpg
2299,BAACAgQAAx0Ec8rVjQACCPtkZJsxnPbv-k0Y96BeJDQzneX2oAACkhEAAuMwAVIW10hrnwyRJS8E,"ğŸ¬Nomi: Chumoli odam va ari 3: Kvantamania
â–â–â–â–â–â–â–â–â–â–
ğŸŒTili: OÊ»zbek Tilida (My5tv)
ğŸ“€Sifati: 480P Mobile HD
ğŸŒDavlat: AQSH
ğŸ“†Yili: 2023-yil
ğŸï¸Janri: #Jangari #Sarguzasht #Fantastiks

 ",656,80,Kvantamania,2299.jpg
2300,BAACAgIAAx0Ec8rVjQACCPxkZJsxwOph1ZZda4FuEl-mNq3fMwACeC8AAqONEUsKDXk57ODgHi8E,"ğŸ¬ Nyurenburg

1âƒ£2âƒ£3âƒ£4âƒ£
ğŸ•–Yili 2023
ğŸ‡·ğŸ‡º Rossiya filmi
ğŸ‡ºğŸ‡¿ O'zbek tilida
ğŸ¤– Sifati 480p 
#ï¸âƒ£ #jangari #triller #tarixiy #drama  #urush

 ",677,81,Nyurenburg,2300.jpg
2301,BAACAgIAAx0Ec8rVjQACCP1kZJsyVk5h1ePTnA2a7aUIXmNrigACYisAAnilGEsldagSjD5-RS8E,"Gâ€˜alati narsalar | Ajabtovur ishlar 24-Qism

Kodi: 701
Tili: oÊ»zbek tilida
Janri: Sarguzasht qoÊ»rqinchli fantaziya
Sifati: 720p

Yangiliklar
ğŸ‘‰ 
ğŸ‘‰ ",769,82,Gâ€˜alati narsalar | Ajabtovur ishlar 24-Qism,2301.jpg
2302,BAACAgEAAx0Ec8rVjQACCP5kZJsyBPvf_9w7dskDPJJms-MxnQAC9wIAArWzEUfUJvCtZPmlSS8E,"Asteriks va Obeliks-Xitoydagi sarguzashtlar

Tili: oÊ»zbek tilida
Janri: komediya Sarguzasht 
Sifati: 480p

Kino qidirish

Yangiliklar
ğŸ‘‰ 
ğŸ‘‰ ",651,83,Asteriks va Obeliks-Xitoydagi sarguzashtlar,2302.jpg
2303,BAACAgEAAx0Ec8rVjQACCP9kZJszXZgvrrs9Eq2PAmKV3cNGvgAC-AIAArWzEUdWVTjP8GYwKC8E,"Asteriks va Obeliks-Xitoydagi sarguzashtlar

Tili: oÊ»zbek tilida
Janri: komediya Sarguzasht 
Sifati: 720p

Kino qidirish

Yangiliklar
ğŸ‘‰ 
ğŸ‘‰ ",1114,84,Asteriks va Obeliks-Xitoydagi sarguzashtlar,2303.jpg
2304,BAACAgIAAx0Ec8rVjQACCQABZGSbN2BMXddADomn8zByIV_Z2qYAArswAAKjjRlLH7sICQVhBIEvBA,"ğŸ¬ Oyning qulashi

ğŸ•– Yili 2022
ğŸ‡ºğŸ‡¸ AQSH filmi
ğŸ‡ºğŸ‡¿ O'zbek tilida
ğŸ¤– Sifati 480p 
#ï¸âƒ£ #ilmiyfantastika #fantastika #jangari 

 ",434,85,Oyning qulashi,2304.jpg
2305,BAACAgEAAx0Ec8rVjQACCQFkZJs3t8MqUnEMjb7fbccy4gqE-wACRQIAAmREaUU6URQyZhrMui8E,"ğŸ¬Oltin talvasasi

ğŸ“… Yili:2022-yil
ğŸ‡ºğŸ‡¿ O'zbek tilida
ğŸ‡¦ğŸ‡ºAvstraliya 
ğŸ”Sifati:480p
#âƒ£Tillo #detektiv #sarguzasht 

 ",506,86,Oltin talvasasi,2305.jpg
2306,BAACAgQAAx0Ec8rVjQACCQJkZJs40QP9DNxYJE9JGtuorc-mBAACQQ0AAuazuFE0XDadfDjV7y8E,"ğŸ¬ Faraon Urushi

â³Yili:2022-yil
ğŸ‡ºğŸ‡¿Tili:O'zbek tilida
ğŸ‡ºğŸ‡¸Davlati:AQSH
ğŸ”Sifati:720p  
#âƒ£Mayk tayson #mayk #tayson #mayktayson #kirminal #jangari 

 ",610,87,Faraon Urushi,2306.jpg
2307,BAACAgEAAx0Ec8rVjQACCQNkZJs4DOdQwMjJ82je03RPg1vIzgACbQIAAn37KEZ1gx-0IyG2VC8E,"ğŸ¬ Ijtimoiy Tarmoq 

ğŸ‡ºğŸ‡¸Davlat AQSH 
ğŸ”Sifati:480p 
ğŸ‡ºğŸ‡¿O'zbek tilida
ğŸ‘¥Bosh rollarda : Jessi Eyzenberg Endryu Garfild Armi Hammer 

 ",437,88,Ijtimoiy Tarmoq,2307.jpg
2308,BAACAgQAAx0Ec8rVjQACCQRkZJs5_sKD-uh1oIyVKr0CtjkV2QACVQ4AAjT2EVJCog7N5Epkzi8E,"ğŸ¬ O'z joniga qasd qiluvchilar
4âƒ£
ğŸ•–Yili 2016
ğŸ‡ºğŸ‡¸ AQSH filmi
ğŸ‡ºğŸ‡¿ O'zbek tilida
ğŸ¤–Sifati 1080p 
#âƒ£ #fantastika #jangari #DC

 ",1839,89,Oz joniga qasd qiluvchilar,2308.jpg
2309,BAACAgQAAx0Ec8rVjQACCQVkZJs8YB8c429TxCacRVPWta3w-QACDxAAAnHSEVK1UkvZ1bxmMC8E,"ğŸ¬ O'z joniga qasd qiluvchilar 2

ğŸ•–Yili 2021
ğŸ‡ºğŸ‡¸ AQSH filmi
ğŸ‡ºğŸ‡¿ O'zbek tilida
ğŸ¤–Sifati 1080p 
#âƒ£ #jangari #fantastika #triller #Dc

 ",1835,90,Oz joniga qasd qiluvchilar 2,2309.jpg
2310,BAACAgIAAx0Ec8rVjQACCQZkZJs9-9Ine4MDXDCHwxecHSl_ggACZCQAAm5PwUlmfbu8gdo7dy8E,"ğŸ¬ Persi Jekson 1

ğŸ‡ºğŸ‡¸ AQSH filmi
ğŸ‡ºğŸ‡¿ O'zbek tilida
ğŸ’½ Sifati 480p 
#âƒ£ #fantastika #sarguzasht

 ",496,91,Persi Jekson 1,2310.jpg
2311,BAACAgIAAx0Ec8rVjQACCQdkZJs9xnqsCbq6lcNqaFalxar_twACyiAAAv7ZyElMk_Gd2j3EXi8E,"ğŸ¬ Persi Jekson 2

ğŸ‡ºğŸ‡¸ AQSH filmi
ğŸ‡ºğŸ‡¿ O'zbek tilida
ğŸ’½ Sifati 480p 
#âƒ£ #fantastika #sarguzasht

 ",444,92,Persi Jekson 2,2311.jpg
2312,BAACAgIAAx0Ec8rVjQACCQhkZJs-HtjtYS2Szfi7JQKC-kRpdgACLzAAApCSGEtMk77SFbpkPS8E,"Payshanba (Hind film)

480p O'zbek tilida 

 ",641,93,Payshanba Hind film,2312.jpg
2313,BAACAgIAAx0Ec8rVjQACCQlkZJs-hv2JIlnmLOOvLfV1M0XwcAACDjEAAji_IEvKsx36ZJGXKi8E,"ğŸ¬ Vaxshiylar 

ğŸ•– Yili 2015
ğŸ‡«ğŸ‡· Fransiya filmi
ğŸ‡ºğŸ‡¿ O'zbek tilida
ğŸ¤– Sifati 720p 
#ï¸âƒ£ #jangar #kriminal #triller #drama

 ",908,94,Vaxshiylar,2313.jpg
2314,BAACAgQAAx0Ec8rVjQACCQpkZJtCM5ZKMqz-X_5lH1gcBYuEEAACCx4AAj-9GFMj9UdgKtYc7S8E,"Qotil fitnasi (o'zbek film) 2020

 ",376,95,Qotil fitnasi,2314.jpg
2315,BAACAgQAAx0Ec8rVjQACCQtkZJtC9V7jg9ioZNVwrFNrSNDYIgACNB0AAj-9GFOdjSxOiJ_9Yi8E,"Duel (o'zbek film)

 ",238,96,Duel,2315.jpg
2316,BAACAgQAAx0Ec8rVjQACCQxkZJtD3NNd_y2pjOy_MHjR82f-HAACawkAAj-9EFPWRknbJedODy8E,"Hamilion (O'zbek film) 2020

 ",434,97,Hamilion,2316.jpg
2317,BAACAgQAAx0Ec8rVjQACCQ1kZJtD4J40OjHVkn5eETcOYH447wAC5woAAtzbIVLGRAM9-e6kNS8E,"Mahbusning xotini (o'zbek film) 

 ",341,98,Mahbusning xotini,2317.jpg
2318,BAACAgQAAx0Ec8rVjQACCQ5kZJtETPR4f_YDHE8YBr-dyu_86AAC2goAAtzbIVJCexoG3Q2qzS8E,"Xo'rlangan kelin (o'zbek film) 

 ",308,99,Xorlangan kelin,2318.jpg
2319,BAACAgEAAx0Ec8rVjQACCQ9kZJuBr3eklDUzdi-eq3R08QVSawACsgADF9nxRBON84HR50kvLwQ,"Sevadi sevmaydi (o'zbek film)

 ",413,100,Sevadi sevmaydi,2319.jpg
2320,BAACAgEAAx0Ec8rVjQACCRBkZJuCov19u9yIys83f-uL2uZjVAACsQADF9nxRCRnsUO6dX1ALwQ,"Buzilmagan oila (o'zbek film)

 ",166,101,Buzilmagan oila,2320.jpg
2321,BAACAgQAAx0Ec8rVjQACCRFkZJuDnWb7ds7wNHFlVfkp3IMeVQACrwcAAuh78FCJaUxwa31i5y8E,"Iblis o'yini (o'zbek film)
2020

 ",775,102,Iblis oyini,2321.jpg
2322,BAACAgEAAx0Ec8rVjQACCRJkZJuDYqGeLQjs5IjUjGAzYTtxKgAChwAD4jJhRBbiAfIFIKc5LwQ,"Xoin (o'zbek film) | Ğ¥Ğ¾Ğ¸Ğ½ (ÑƒĞ·Ğ±ĞµĞºÑ„Ğ¸Ğ»ÑŒĞ¼) 2019

 ",418,103,Xoin  | Ğ¥Ğ¾Ğ¸Ğ½ ÑƒĞ·Ğ±ĞµĞºÑ„Ğ¸Ğ»ÑŒĞ¼,2322.jpg
2323,BAACAgEAAx0Ec8rVjQACCRNkZJuERgh4t5A601QWpz1mAvXYfAACUQEAAjLBqUR56ouvkfyBuS8E,"Zo'rlangan qiz (o'zbek film) 2020

 ",166,104,Zorlangan qiz,2323.jpg
2324,BAACAgEAAx0Ec8rVjQACCRRkZJuIKVQcn8KvzWSZ2WKLtuwUOAAC0QADYAEZR8IviIIXflzgLwQ,"Yulduzlar (o'zbek film)

 ",222,105,Yulduzlar,2324.jpg
2325,BAACAgEAAx0Ec8rVjQACCRVkZJuKpEi9F_Bjpr_n2jtHxyWCIgAC0AADYAEZR9Ce_MWJxEzKLwQ,"Azoblangan ko'r ona

 ",141,106,Azoblangan kor ona,2325.jpg
2326,BAACAgEAAx0Ec8rVjQACCRZkZJuLz4cVgSSKhVNZYgAB1YgGHJgAAocAA6-PyUbN_mCBYmoiZS8E,"Panoh (o'zbek film) 

 ",593,107,Panoh,2326.jpg
2327,BAACAgEAAx0Ec8rVjQACCRdkZJuLaLTr1MIhUuorKJnhc-mTrAAC8QADHBC5RtxTkuSZORAcLwQ,"Tubanlik (o'zbek film)

 ",455,108,Tubanlik,2327.jpg
2328,BAACAgEAAx0Ec8rVjQACCRhkZJuMOYHVVcNJcAdDSAPg96S0PgACmwADHBCxRuh02lebf7xsLwQ,"Nafs (o'zbek film) 

 ",255,109,Nafs,2328.jpg
2329,BAACAgEAAx0Ec8rVjQACCRlkZJuQlvJBytKoZGTaHec_9mffjAACqAADZeF5RiAh0vmjK-nmLwQ,"Oling quda-bering quda (o'zbek film) 

 ",240,110,Oling quda-bering quda,2329.jpg
2330,BAACAgEAAx0Ec8rVjQACCRpkZJuRHNC8XTYz0B0jp7Hc7F7pOAACrAADisoZRt-uPm2aWbQWLwQ,"Qaysarginam (o'zbek film) 

 ",314,111,Qaysarginam,2330.jpg
2331,BAACAgEAAx0Ec8rVjQACCRtkZJuSVbHRiwKkrXOhTGKhwpnNVQACqwADisoZRqXnDcqG8WNtLwQ,"Hay hay qizaloq (o'zbek film)

 ",348,112,Hay hay qizaloq,2331.jpg
2332,BAACAgQAAx0Ec8rVjQACCRxkZJuT3pUWBHJEbCwDSUiIhDPwWQACYAgAAn5TEFJEurtJxlPowS8E,"Qaysarginam 2
(O'zbek tilida)

 ",387,113,Qaysarginam 2,2332.jpg
2333,BAACAgQAAx0Ec8rVjQACCR1kZJuTtiUEN1mXAgwuCObT2kutggACMwgAAgnigFNm3j0PpTtqJi8E,"'UYUSHTIRILGAN JINOYAT' (O'zbek kino)

 ",334,114,UYUSHTIRILGAN JINOYAT,2333.jpg
2334,BAACAgEAAx0Ec8rVjQACCR5kZJuXLmofFV94U0Mg8IWvvonJmwACzQADs_jhReDW5Q5SXlLCLwQ,"Ojiza (o'zbek film)

 ",148,115,Ojiza,2334.jpg
2335,BAACAgQAAx0Ec8rVjQACCR9kZJuYzBEBgPkjEJBViIuBISiq2wACmwkAAnEm4VHfELhXGW7udS8E,"Ajab bo'lipdi (o'zbek film)

 ",290,116,Ajab bolipdi,2335.jpg
2336,BAACAgEAAx0Ec8rVjQACCSBkZJuY3JGczmJDX3XbfAonbjfSjwAC1QADF2GwRVyag8MFwQiGLwQ,"Alamli dunyo 
O'zbek film

 ",856,117,Alamli dunyo,2336.jpg
2337,BAACAgQAAx0Ec8rVjQACCSFkZJuZ_QP_HWyhoq5xB5bv-UGHfwACYxAAAoPyiVEr4pbNonZami8E,"Ichkuyov (ozbek film)

 ",387,118,Ichkuyov ozbek film,2337.jpg
2338,BAACAgIAAx0Ec8rVjQACCSJkZJuZZh4GOKHejoufpC2PbnpXTgACcwYAAjFIgUk86UPlsH91KC8E,"Account 
O'zbek Kino

 ",717,119,Account,2338.jpg
2339,BAACAgIAAx0Ec8rVjQACCSNkZJvAxMHVNHjNv-ajbkPLXX8pIgACBwYAAjOSAUlbteDcODngzC8E,"Otasining qotili 

O'zbek film 

 ",551,120,Otasining qotili,2339.jpg
2340,BAACAgIAAx0Ec8rVjQACCSRkZJvBh79n1YE-C7dbvK9bxLm1tAACXwYAAoRA4EgCDe-gl-oBaC8E,"Adashgan Qiz 

O'zbek Film 

 ",282,121,Adashgan Qiz,2340.jpg
2341,BAACAgIAAx0Ec8rVjQACCSVkZJvBbu1G2o16I140816an142dQACawkAAt7jmEgyISIx8iUq7S8E,"Musofir onam

 ",501,122,Musofir onam,2341.jpg
2342,BAACAgIAAx0Ec8rVjQACCSZkZJvBx-Ej5s9x4kFPwr1_UPHxLQACDQYAAt7jkEizPwPOPoXoDC8E,"O'g'ri kelin (o'zbek film)

 ",602,123,Ogri kelin,2342.jpg
2343,BAACAgEAAx0Ec8rVjQACCSdkZJvCku8iP6OokczTh2nUSq9WEgAC8AADU2xwRF45jeM28G4ILwQ,"Kechir qizim (o'zbek film) 

 ",532,124,Kechir qizim,2343.jpg
2344,BAACAgIAAx0Ec8rVjQACCShkZJvCI0m7xq6tj8BeNfwq5vO3bwAC8QYAAnOtUEiqrZmQxxqV8i8E,"Gardkam (o'zbek film)

 ",303,125,Gardkam,2344.jpg
2345,BAACAgIAAx0Ec8rVjQACCSlkZJvD9YSdpcAe8hQ4OEEvFq-UuwACUwYAAnOtUEh0PZzJpQSkrS8E,"G'animatim

 ",198,126,Ganimatim,2345.jpg
2346,BAACAgIAAx0Ec8rVjQACCSpkZJvDjXulKjHeipPik9EIzRUIOAACigUAAmsWSUgtFb8cg04Ody8E,"Suyuqoyoq 
(o'zbek_film)

 ",302,127,Suyuqoyoq,2346.jpg
2347,BAACAgQAAx0Ec8rVjQACCStkZJvEKOHh39E297rZaJ8d9mbDqwACeBAAAsAdCFBh4DBMPb3m6C8E,"1-Avgust (O'zbek tilida)

 ",287,128,1-Avgust,2347.jpg
2348,BAACAgIAAx0Ec8rVjQACCSxkZJvIh08bCq-SlAY9eXAgCeFcyAAC5QUAAvC2-Ut6xZgWzFEIaS8E,"Temur (O'zbek kino)

 ",784,129,Temur,2348.jpg
2349,BAACAgIAAx0Ec8rVjQACCS1kZJvIuivYKFHvm4ErX1gYbV8RCwACmgYAAgYFwUuH1herVYflri8E,"Jekpot (O'zbekfilm)

 ",394,130,Jekpot,2349.jpg
2350,BAACAgIAAx0Ec8rVjQACCS5kZJvJjsPM-qQV1Mk8hD3cSjrN5wACmgYAAgYFwUuH1herVYflri8E,"Jekpot (O'zbekfilm)

 ",394,131,Jekpot,2350.jpg
2351,BAACAgEAAx0Ec8rVjQACCS9kZJvJyl2Gvcb2WoTo1tdFmNplvgAC0QADqqyZR0Vw88AhVV3wLwQ,"Jangovar qaynona (o'zbek film) 

 ",616,132,Jangovar qaynona,2351.jpg
2352,BAACAgIAAx0Ec8rVjQACCTBkZJvKs9upyPpWoOB9bHlZzTy5fQACqAIAAohhWEhsp0CU6XUHYS8E,"âœ 'Muhabbat qissalari' b/f
---------------------------------------------------
â€£ Davlat: Hindiston
â€£ Til: O'zbek tilida

 ",744,133,Muhabbat qissalari,2352.jpg
2353,BAACAgQAAx0Ec8rVjQACCTFkZJvOead6ILgg-ILqhOcQJs4IEQACMwoAAqZGmFOwQgZHQa4jky8E,"ğŸ¬Shakantula Devi : Kiberxonim
ğŸ‡®ğŸ‡³Davlat:  Hindiston
ğŸ“…Chiqqan yili: 2020
ğŸ§²Janr:  #biografiya #drama #komediya
ğŸ”›Davomiyligi: 01:55:16
ğŸ‡ºğŸ‡¿Tarjima: O'zbek Tilida

 ",1184,134,Shakantula Devi  Kiberxonim,2353.jpg
2354,BAACAgIAAx0Ec8rVjQACCTJkZJvPeMjLi8k8UfJl41aJfySk5gAC9woAAiDYuEi9ih_JdMoEOS8E,"ğŸ¬Bir kuni Bollivudda
ğŸ‡®ğŸ‡³Davlat: Hindiston
ğŸ§²Janr: #triller #drama #komediya
ğŸ”›Davomiyligi: 01:45:25
ğŸ‡ºğŸ‡¿Tarjima: O'zbek Tilida
 #1045 MB

 ",1045,135,Bir kuni Bollivudda,2354.jpg
2355,BAACAgQAAx0Ec8rVjQACCTNkZJvPY5jt7nD_pndzctdWENh8twACYwwAAvLUqVBkQBw8T9tcSC8E,"ğŸ¥ Nomi: SHAMSHIR
ğŸ“¹ Sifati: HD 720p
ğŸ
ğŸ“† Yil: 2022
ğŸ Janr: Jangari Tarix Urush
ğŸ‡®ğŸ‡³ Davlat: Hindiston
ğŸ‡ºğŸ‡¿ Tarjima: O'zbek tilida

 ",1979,136,SHAMSHIR,2355.jpg
2356,BAACAgIAAx0Ec8rVjQACCTRkZJvPXP7h0-QaWOdkezh_aiEbMwAChQQAAmteGEs7xJzaVwsLZS8E,"ğŸ¬Shabana (O'zbek tilida) 
ğŸ‡®ğŸ‡³Davlat : Hindiston
ğŸ”›Davomiyligi: 02:26:47
ğŸ‡ºğŸ‡¿Tarjima: O'zbek tilida

 ",1086,137,Shabana,0404.jpg
2357,BAACAgIAAx0Ec8rVjQACCTVkZJvQUH31Xj4uTqOU5T9beweVnwACygQAAnjJUEmFSls2pG8Tai8E,"ğŸ Chunki bu taqdir (Hind kino Uzbek tilida) 
#hind_kino

 ",465,138,Chunki bu taqdir,2357.jpg
2358,BAACAgIAAx0Ec8rVjQACCTZkZJvTzFIwA_7xBFuG8APOQ2SSBwAC7AIAAqux-Esv5BJxkMDFPS8E,"ğŸDIL (Hind kino Uzbek tilida) 
â–â–â–
â³ Davomiyligi: 2s I 28 min
ğŸ—“ 437 MB
ğŸ’½ Turi: #hind_kino

 ",437,139,DIL,2358.jpg
2359,BAACAgIAAx0Ec8rVjQACCTdkZJwR_Jqm_XFlqScHuVo32DsztAACPwkAAmF-EEiwE8lD-FssVS8E,"ğŸ¬ Qo'rqmas (O'zbek tilida)
ğŸ“ Formati 480p HD
ğŸ” Davomiyligi 125:12
ğŸ­ Janr: Jangari Triller 

 ",565,140,Qorqmas,0404.jpg
2360,BAACAgIAAx0Ec8rVjQACCThkZJwRpBTYUQ4sZsMSDQ2u5zRbAgACRwsAAlqbUEhU_JkmDaI4mi8E,"ğŸ¬ Qo'rqmas 2 (O'zbek tilida)
ğŸ“ Formati 480p HD
ğŸ” Davomiyligi 108:13
ğŸ­ Janr: Jangari Komediya 


 ",544,141,Qorqmas 2,0404.jpg
2361,BAACAgIAAx0Ec8rVjQACCTlkZJwRhqggk5trO-zgIcgLYd4ZKAACWgoAAsUvyEl64FPImE0gbS8E,"ğŸ¬ Qo'rqmas 3 (O'zbek tilida)
ğŸ“ Formati 480p HD
ğŸ” Davomiyligi 132:25
ğŸ­ Janr: Jangari Komediya 

 ",588,142,Qorqmas 3,0404.jpg
2362,BAACAgQAAx0Ec8rVjQACCTpkZJwSsh0P-cC0kaxIsAqcDy7BYQACagsAAoY9UVCb-U0dcDolnC8E,"ğŸ¬Maxsus bo'lim : Tahdid 
ğŸ‡ºğŸ‡¿O'zbek tilida 
ğŸ“€Sifati 480p
ğŸ“†Yili 2021 
ğŸï¸Janri : Jangari Kriminal 

 ",625,143,Maxsus bolim  Tahdid,0404.jpg
2363,BAACAgEAAx0Ec8rVjQACCTtkZJwSebU1xWf-tw2ijH8gKojfJgAC5AMAAsGfuUbwS-oNFQdSrS8E,"OgÊ»u ortidan 

Tili: oÊ»zbek tilida
Janri: jangari triller 
Sifati: 480p

Yangiliklar
ğŸ‘‰ 
ğŸ‘‰ ",459,144,OgÊ»u ortidan,2363.jpg
2364,BAACAgEAAx0Ec8rVjQACCTxkZJwWdf-Z5_qlEUSNzzq30yp7LAAC4AMAAsGfuUYhHmyVXdaSyi8E,"OgÊ»u ortidan 

Tili: oÊ»zbek tilida
Janri: jangari triller 
Sifati: 720p

Yangiliklar
ğŸ‘‰ 
ğŸ‘‰ ",664,145,OgÊ»u ortidan,2364.jpg
2365,BAACAgQAAx0Ec8rVjQACCT1kZJwX53zxUPTf9xvzqW73dL-0IQAC2QoAAq-lSVH01Vg8ypq_iS8E,"Ğ§ĞµĞ»Ğ¾Ğ²ĞµÑ‡ĞµÑĞºĞ¸Ğµ Ğ¼Ğ½Ğ¾Ğ³Ğ¾Ğ½Ğ¾Ğ¶ĞºĞ° 3
ğŸ‡·ğŸ‡ºRus Tilida 
ğŸ“€Sifati 720p 
ğŸ“†Yili 2015
ğŸï¸Janri : Ğ£Ğ¶Ğ°Ñ . Ğ¥Ğ¾Ñ€Ñ€Ğ¾Ñ€ 



Ushbu film Bir Tamondan Qo'rqinchli va Jirkanchli ko'rishni tavsiya qilmayman Buni ko'rgan odamlar oylab ovqat yetmaydigan bo'lib qolishi mumkin Film bir paytlari qilingan Daxshatli tajribalar haqida real voqealarga asoslanib yaratilgan Qamoqdagi odamlar hatto Homilador ayollar ustida odamlar yashash nimalar qilishi mumkinligini tekshirishgan",751,146,Ğ§ĞµĞ»Ğ¾Ğ²ĞµÑ‡ĞµÑĞºĞ¸Ğµ Ğ¼Ğ½Ğ¾Ğ³Ğ¾Ğ½Ğ¾Ğ¶ĞºĞ° 3,2365.jpg
2366,BAACAgQAAx0Ec8rVjQACCT5kZJwXlRRENWnRt7jtRH8HDS8lhAAC2AkAAo7HGVG8ksS5f5VhHC8E,"Ğ§ĞµĞ»Ğ¾Ğ²ĞµÑ‡ĞµÑĞºĞ¸Ğµ Ğ¼Ğ½Ğ¾Ğ³Ğ¾Ğ½Ğ¾Ğ¶ĞºĞ° 2
ğŸ‡·ğŸ‡ºRus Tilida 
ğŸ“€Sifati 720p 
ğŸ“†Yili 2011
ğŸï¸Janri : Ğ£Ğ¶Ğ°Ñ . Ğ¥Ğ¾Ñ€Ñ€Ğ¾Ñ€",801,147,Ğ§ĞµĞ»Ğ¾Ğ²ĞµÑ‡ĞµÑĞºĞ¸Ğµ Ğ¼Ğ½Ğ¾Ğ³Ğ¾Ğ½Ğ¾Ğ¶ĞºĞ° 2,2366.jpg
2367,BAACAgQAAx0Ec8rVjQACCT9kZJwYDssN-MuaHttHllXitY2WgQAC9RUAAh9QgVDsYsbN9IvVpy8E,"Nazorat (2022)

#Fantastika #Janggari",252,148,Nazorat,2367.jpg
2368,BAACAgIAAx0Ec8rVjQACCUBkZJwY2ywMoSjEUAzNj95J3fQQjQACRCMAAsh2uEhZy5obxPlljS8E,"ğŸ”¥Daxshatli premyera kanalga yuklandi! 

ğŸ”ºUchburchak - ujas triller janrida va O'zbek tilida!

ğŸ›³ Bermud uchburchagi haqida eshitganmisiz? U yerga tushub qolgan har qanday samalyot yoki kema izsiz g'oyib bo'lganinichi?",617,149,ğŸ”ºUchburchak - ujas triller janrida va !,2368.jpg
2369,BAACAgQAAx0Ec8rVjQACCUFkZJwcliSK6NLkW2TCHNfVQyjwiQACyA0AAvX9yVJFtq-jOD-X5S8E,"Xavf yoqasida |  Longtangdagi jang

Tili: oÊ»zbek tilida
Janri: triller jangari drama 
Sifati: 480p

Yangiliklar
ğŸ‘‰ 
ğŸ‘‰ ",643,150,Xavf yoqasida |  Longtangdagi jang,2369.jpg
2370,BAACAgQAAx0Ec8rVjQACCUJkZJwc-pKKITf7sygVqLNkeMHbfwACLw4AAvGnyFLzJcN2Rc_sLC8E,"Xavf yoqasida |  Longtangdagi jang

Tili: oÊ»zbek tilida
Janri: triller jangari drama 
Sifati: 720p

Yangiliklar
ğŸ‘‰ 
ğŸ‘‰ ",1070,151,Xavf yoqasida |  Longtangdagi jang,2370.jpg
2371,BAACAgEAAx0Ec8rVjQACCUNkZJwd2Gtd-khzZpAzA6q7I3Xo-AAC-wIAAhuT0UYGI0eljqjkRC8E,"Mening jangim

Tili: oÊ»zbek tilida
Janri: jangari sarguzasht drama 
Sifati: 480p

Yangiliklar
ğŸ‘‰ 
ğŸ‘‰ ",407,152,Mening jangim,2371.jpg
2372,BAACAgEAAx0Ec8rVjQACCURkZJweqKJxC4dH-b5Qc-LNeumNAQAC9AIAAhuT0UZev5x23hVjVC8E,"Mening jangim

Tili: oÊ»zbek tilida
Janri: jangari sarguzasht drama 
Sifati: 720p

Yangiliklar
ğŸ‘‰ 
ğŸ‘‰ ",539,153,Mening jangim,2372.jpg
2373,BAACAgEAAx0Ec8rVjQACCUVkZJweWmJqSlHjIGDHCJ81esZLEwAC9QIAAhuT0Ub2XuCY6Z3gNC8E,"Mening jangim

Tili: oÊ»zbek tilida
Janri: jangari sarguzasht drama 
Sifati: 1080p

Yangiliklar
ğŸ‘‰ 
ğŸ‘‰ ",1401,154,Mening jangim,2373.jpg
2374,BAACAgQAAx0Ec8rVjQACCUZkZJwidnqgJvjDSoTALlqKWsK_uAACqw8AAsed0VL_X24NLFVHwi8E,"Galaktika qo'riqchilari 3
 â â â â â  â â â â â 
Tili: oÊ»zbek tilida
Janri: Fantastika Sarguzasht jangari komediya 
Sifati: 480p
Davlati: AQSh 
Yili: 2023

Yangiliklar
ğŸ‘‰ 
ğŸ‘‰ ",987,155,Galaktika qoriqchilari 3,2374.jpg
2375,BAACAgUAAx0Ec8rVjQACCUdkZJwinaZQgn1tKZL0BvTzlqRDeAACEQkAAnDt2VZLbhsVK7V4Ii8E,"Galaktika qo'riqchilari 3
 â â â â â  â â â â â 
Tili: oÊ»zbek tilida
Janri: Fantastika Sarguzasht jangari komediya 
Sifati: 720p
Davlati: AQSh 
Yili: 2023

Yangiliklar
ğŸ‘‰ 
ğŸ‘‰ â â â â â ",2255,156,Galaktika qoriqchilari 3,2375.jpg
2376,BAACAgQAAx0Ec8rVjQACCUhkZJwk-JUYRSURlVVpUxn9C2CUPAACvw8AAnV76VHL3kHBvDS95i8E,"Shazam 2

Tili: oÊ»zbek tilida
Janri: Fantastika Sarguzasht jangari 
Sifati: 480p
Davlati: AQSh 
Yili: 2023

Yangiliklar
ğŸ‘‰ 
ğŸ‘‰ ",770,157,Shazam 2,2376.jpg
2377,BAACAgQAAx0Ec8rVjQACCUlkZJwkiUBL2PO3f4GAunofuqE9RwACyA8AAnV76VGnyF4eFmYb2i8E,"Shazam 2

Tili: oÊ»zbek tilida
Janri: Fantastika Sarguzasht jangari 
Sifati: 720p
Davlati: AQSh 
Yili: 2023

Yangiliklar
ğŸ‘‰ 
ğŸ‘‰ ",1322,158,Shazam 2,2377.jpg
2378,BAACAgQAAx0Ec8rVjQACCUpkZJwlDKbL3cJSIbdBs0j2CuaOJQACxw8AAnV76VGQMbeNHZwSBi8E,"Shazam 2

Tili: oÊ»zbek tilida
Janri: Fantastika Sarguzasht jangari 
Sifati: 1080p
Davlati: AQSh 
Yili: 2023

Yangiliklar
ğŸ‘‰ 
ğŸ‘‰ ",2065,159,Shazam 2,2378.jpg
2379,BAACAgIAAx0Ec8rVjQACCUtkZJxNGCXRcVMJSUz4K-uumhmmJwACHx0AAsc8uEkujM-drLJpUi8E,"ğŸ¬ âº Odam Savdosi 
ğŸ‡ºğŸ‡¿ âº O'zbek Tilida
ğŸŒ âº AQSH Kanada Tayland 
âš” âº Jangari Triller Kriminal 
ğŸ“¢Kanalimiz:",688,160,Odam Savdosi,2379.jpg
2380,BAACAgQAAx0Ec8rVjQACCUxkZJxOpu-u3SavAYKP_sZ1UnKdmwACEw0AAm9pOFAqyO1jBVRtpS8E,"ğŸ¬Bezori
ğŸ‡ºğŸ‡¿O'zbek tilida
ğŸ“€Sifati 480p
ğŸ“†Yili 2009
ğŸï¸Janri : #Jangari #Drama #Jinoyatchilik
ğŸ“¢Kanalimiz:",801,161,Bezori,2380.jpg
2381,BAACAgIAAx0Ec8rVjQACCU1kZJxOgOPRCiB8LnspEgh-dgXzCwACVxUAAl7i-Uj1kRukAr6gry8E,"Baxt izlab | Baxt ortidan

Tili: oÊ»zbek tilida
Janri: hayotiy melodrama
Sifati: 720p
Davlati: AQSh
Yili: 2018

",1504,162,Baxt izlab | Baxt ortidan,2381.jpg
2382,BAACAgQAAx0Ec8rVjQACCU5kZJxPlkpaNUqVO8pPymumFAgvZQACrA4AAkYzoFMumnNFl35AZi8E,"Vikinglar

1-qism
Tili: oÊ»zbek tilida
Janri: Tarixiy Drama Jangari Melodrama Sarguzasht
Sifati: 720p

 
ğŸ‘‰ 
ğŸ‘‰ ",846,163,Vikinglar,2382.jpg
2383,BAACAgIAAx0Ec8rVjQACCU9kZJxPw340pRoKT7S4caPc1tBskQACTQwAArQzOUudwXlGRi7hFi8E,Jonivorlar qiroli (O'zbekcha tarjima HD Multfilm) 2018  Janr: Premyera komediya multfilm oilaviy  Format: mp4 480  (427 MB)   Multfilmni online ko'rish ko'chirish,427,164,Jonivorlar qiroli,2383.jpg
2384,BAACAgIAAx0Ec8rVjQACCVBkZJxPGZ4wwibETOTYSNJYPN6qowACXAwAArQzOUt0fFWhpQS1yC8E,Chegaralar -,522,165,Chegaralar -,2384.jpg
2385,BAACAgIAAx0Ec8rVjQACCVFkZJxQfOXa5be0ctmHrj98y4PbAQACIwoAApR9gUvGnvSFtB141y8E,Loraks / Lorax,346,166,Loraks / Lorax,2385.jpg
2386,BAACAgIAAx0Ec8rVjQACCVJkZJxT0eO1RnmnuioqJjtFJQa_UwAC1wwAAlqJeEvSl3FpFZsQyy8E,Alvido Katya (2012),402,167,Alvido Katya,2386.jpg
2387,BAACAgIAAx0Ec8rVjQACCVNkZJxUA-k9dxB_8TGKt2extq4eUgAC7AwAAlqJeEsCAQn1UneqvS8E,Ota (2020),351,168,Ota,2387.jpg
2388,BAACAgIAAx0Ec8rVjQACCVRkZJxVbp9gsZK4OQmyhVft965_xwAC8gwAAlqJeEs7f0hPb1aS1i8E,Poyga (2019) Hind Kino,413,169,Poyga  Hind Kino,2388.jpg
2389,BAACAgIAAx0Ec8rVjQACCVVkZJxVIZDY85r96xrZNCpAGVElhgACrgUAAqf7WEt5Kc2n1Lns2S8E,SONIK (Fontastik jangari kino,416,170,SONIK Fontastik jangari kino,2389.jpg
2390,BAACAgIAAx0Ec8rVjQACCVZkZJxWFVkpzkPu-4H7AiDx6V6wigACIgQAAkIBoUn77OYhGSaUhy8E,SINOV (Turk kino,392,171,SINOV Turk kino,2390.jpg
2391,BAACAgIAAx0Ec8rVjQACCVdkZJxZKUqREQjtH6phfOoUPh8kigACHw0AAgKukUvjFplVMpiJ4C8E,Keytaun Kodi / Keyptaun Kodi (,484,172,Keytaun Kodi / Keyptaun Kodi,2391.jpg
2392,BAACAgIAAx0Ec8rVjQACCVhkZJxaWzVjwUTmAcilBURARQH97gACKg0AAgKukUuVhZB0OU1qfy8E,Habarchi (2019) / Xabarchi / Ma'lumotchi,436,173,Habarchi  / Xabarchi / Malumotchi,2392.jpg
2393,BAACAgQAAx0Ec8rVjQACCVlkZJxalUP1hLfkJqZlwowgNy1N6gAC8AkAAhTgeFFo5pCnlG_1GS8E,"Devlarni yenggan Jek

O'zbek tilida 
Sifati 720p 
Yili 2013 
Janri : Jangari Sarguzasht Fantastika 

",966,174,Devlarni yenggan Jek,2393.jpg
2394,BAACAgIAAx0Ec8rVjQACCVpkZJxbYoYbY3jL1fGK29a0-3G2rgACJQYAApR7uUpfWUA1WRbOfS8E,"SHUNQOR 1-QISM
O'ZBEK TILIDA
#PREMYERA
#jangari #detektiv #drama #romantika

 ",334,175,SHUNQOR 1-QISM,0404.jpg
2395,BAACAgIAAx0Ec8rVjQACCVtkZJxbw2cr0c1-Ig132oFXrbGZcQAC3AQAAhSGwErnbnr8YC3jhC8E,"SHUNQOR 2-QISM
O'ZBEK TILIDA
#jangari #detektiv #drama #romantika

 ",330,176,SHUNQOR 2-QISM,0404.jpg
2396,BAACAgIAAx0Ec8rVjQACCVxkZJxe1G9mONKbE8068HH7pgAB84gAAmwEAAKUe8FK79OnouifbNMvBA,"SHUNQOR 3-QISM
O'ZBEK TILIDA
#jangari #detektiv #drama #romantika

 ",350,177,SHUNQOR 3-QISM,0404.jpg
2397,BAACAgIAAx0Ec8rVjQACCV1kZJxf9XAuc-0IYsojgqpqjgZD4QACFgUAAhSGyEqFnnuvMhFDKy8E,"SHUNQOR 4-QISM
O'ZBEK TILIDA
#jangari #detektiv #drama #romantika

 ",339,178,SHUNQOR 4-QISM,2397.jpg
2398,BAACAgIAAx0Ec8rVjQACCV5kZJxfrVmKoYEQYNYxBv_bevBN7wACTwYAAhSGyEqLUSLNNENSWi8E,"SHUNQOR 5-QISM
O'ZBEK TILIDA
#jangari #detektiv #drama #romantika

 ",350,179,SHUNQOR 5-QISM,0404.jpg
2399,BAACAgIAAx0Ec8rVjQACCV9kZJy9teXh5Qv_S-J75RsGbfW8fQACQAYAAq922UpI5qsgE4BKBy8E,"SHUNQOR 6-QISM
O'ZBEK TILIDA
#jangari #detektiv #drama #romantika

 ",334,180,SHUNQOR 6-QISM,2399.jpg
2400,BAACAgIAAx0Ec8rVjQACCWBkZJy-jcz-0f-1pwX4TnyIyVcxvwACFwYAAlXY8EqMiyBVP0wHoy8E,"SHUNQOR 7-QISM
O'ZBEK TILIDA
#jangari #detektiv #drama #romantika

 ",335,181,SHUNQOR 7-QISM,0404.jpg
2401,BAACAgIAAx0Ec8rVjQACCWFkZJy-1D5QB9aPAAF9E3Fa6DMBUOgAAngHAAIhXvhK8QKa8nD1K6AvBA,"SHUNQOR 8-QISM
O'ZBEK TILIDA
#jangari #detektiv #drama #romantika

 ",331,182,SHUNQOR 8-QISM,0404.jpg
2402,BAACAgIAAx0Ec8rVjQACCWJkZJy-Pr9KCD5aygGDtfbDxML88wACrQYAAr5wAUt7eSA58RpNOi8E,"SHUNQOR 9-QISM
O'ZBEK TILIDA
#jangari #detektiv #drama #romantika

 ",350,183,SHUNQOR 9-QISM,0404.jpg
2403,BAACAgIAAx0Ec8rVjQACCWNkZJy_a42i3oheRoYlCy8f7QGQ7gACrAUAAkRGMEswWUxe3jmwsC8E,"SHUNQOR 10-QISM
O'ZBEK TILIDA
#jangari #detektiv #drama

 ",330,184,SHUNQOR 10-QISM,2403.jpg
2404,BAACAgIAAx0Ec8rVjQACCWRkZJzFbXfN8Kkgtyr71ZyqT419rgACggUAAq54GEsOHCYGv-Rgvy8E,"SHUNQOR 11-QISM
O'ZBEK TILIDA
#jangari #detektiv #drama #romantika

 ",342,185,SHUNQOR 11-QISM,0404.jpg
2405,BAACAgIAAx0Ec8rVjQACCWVkZJzFFT-fVRQhoXYItEDtKSZK6QACWQQAApkdKEsNvYbstwSyHC8E,"SHUNQOR 12-QISM
O'ZBEK TILIDA
#jangari #detektiv #drama #romantika

 ",350,186,SHUNQOR 12-QISM,0404.jpg
2406,BAACAgIAAx0Ec8rVjQACCWZkZJzFjr8r8hEsXzZqFXwAASgNuY0AApsGAAJERjBLbtSEIjgLFZ8vBA,"SHUNQOR 13-QISM
O'ZBEK TILIDA
#jangari #detektiv #drama #romantika

 ",341,187,SHUNQOR 13-QISM,0404.jpg
2407,BAACAgIAAx0Ec8rVjQACCWdkZJzGYMb9OR0XIWiOfYs5xXBlcAAC4wUAAqDIQEvXLauF7FETpi8E,"SHUNQOR 14-QISM
O'ZBEK TILIDA
#jangari #detektiv #drama #romantika

 ",332,188,SHUNQOR 14-QISM,0404.jpg
2408,BAACAgIAAx0Ec8rVjQACCWhkZJzGjgmEXiPSSF0zI4yGnimNpwACigUAAo94WEsyArMgKRlt4y8E,"SHUNQOR 15-QISM
O'ZBEK TILIDA
#jangari #detektiv #drama #romantika

 ",310,189,SHUNQOR 15-QISM,2408.jpg
2409,BAACAgIAAx0Ec8rVjQACCWlkZJzKW9ZPpaHGWlOdweAf-M5Z8gAC0gUAApfgWUuj19H-HOyjTy8E,"SHUNQOR 16-QISM
O'ZBEK TILIDA
#jangari #detektiv #drama #romantika

 ",326,190,SHUNQOR 16-QISM,2409.jpg
2410,BAACAgIAAx0Ec8rVjQACCWpkZJzLAAGIaqoyJLClZgkvkbw8CmsAAmsGAAIFoGhLHhRuUekLug0vBA,"SHUNQOR 17-QISM
O'ZBEK TILIDA
#jangari #detektiv #drama #romantika

 ",339,191,SHUNQOR 17-QISM,2410.jpg
2411,BAACAgIAAx0Ec8rVjQACCWtkZJzLVq5GLW8IONIRT2cuUllCWAACwwYAAm_EcUs7LzDOYjXX9S8E,"SHUNQOR 18-QISM
O'ZBEK TILIDA
#jangari #detektiv #drama #romantika

 ",332,192,SHUNQOR 18-QISM,0404.jpg
2412,BAACAgIAAx0Ec8rVjQACCWxkZJzM8e3SNeJ9-nPp64bNdIVXdgAC8wUAAwaBS_6xk3qE7FCmLwQ,"SHUNQOR 19-QISM
O'ZBEK TILIDA
#jangari #detektiv #drama #romantika

 ",336,193,SHUNQOR 19-QISM,0404.jpg
2413,BAACAgIAAx0Ec8rVjQACCW1kZJzMHRNbVVccFgnMUsL9wyhf8AAC4AYAAqBCiEsDIenSQ1zrUS8E,"SHUNQOR 20-QISM
O'ZBEK TILIDA
#jangari #detektiv #drama #romantika
#yakuniy_qism

 ",329,194,SHUNQOR 20-QISM,0404.jpg
2414,BAACAgIAAx0Ec8rVjQACCW5kZJzS_8fXamIQOdIom4fwG--QrAACYyoAAlnPsEoslKNhxcpe-y8E,"ğŸ¥Nomi: Qora Pantera 1

ğŸ‡ºğŸ‡¿Tili: O'zbek tilida 
ğŸ“€Sifati: 480P Mobile HD
ğŸŒDavlat: AQSH
ğŸ“†Yili: 2018-yil
ğŸï¸Janri: #Fantastika #Jangari",651,195,Qora Pantera 1,2414.jpg
2415,BAACAgUAAx0Ec8rVjQACCW9kZJzTGIixWHkIGX9_tlW4gefwiwACVAgAAkww4VaM-bfUOezPgS8E,"PREMYERAâš¡ï¸

ğŸ¥Nomi: Qora Pantera 2: Abadiy Vakanda

ğŸ‡ºğŸ‡¿Tili: O'zbek tilida 
ğŸ“€Sifati: 480P Mobile HD
ğŸŒDavlat: AQSH
ğŸ“†Yili: 2022-yil
ğŸï¸Janri: #Fantastika #Jangari",667,196,Abadiy Vakanda,2415.jpg
2416,BAACAgEAAx0Ec8rVjQACCXBkZJzUNPXBPOow2bZrHMj8yOGeWAACngADMA9IRVwKAkKyOkMhLwQ,"ğŸ¥ Krid 1 - Rokkining merosi

Janr: #drama #sport
Davlat: AQSh
IMDb: 7.6/10.0
Reyting: PG-13 (16+)
Davomiylik: 02:13:10
Til: O'zbek",491,197,Krid 1 - Rokkining merosi,2416.jpg
2417,BAACAgIAAx0Ec8rVjQACCXFkZJzUZ39k-Ezab8gx_xAbtkubMAACiwkAArHmsUtMxKCbk8OU8S8E,"PREMYERAâš¡ï¸

ğŸ¥ Bunkerdagi iblis

ğŸ­ Janr:  #Ujas
ğŸŒ Davlat: AQSH
ğŸ“ Sifat: Mobile HD
ğŸ™ Tarjima: Uzbek Tilida",213,198,Bunkerdagi iblis,2417.jpg
2418,BAACAgEAAx0Ec8rVjQACCXJkZJzVJuHC6n-rqK8JTTi0dQoj0QAC2QUAAm8QcUfZVTanfSQuIS8E,"ğŸ¥ Bu Yerda Yolg'iz

ğŸ‡ºğŸ‡¿ O'zbek Tilida
ğŸŒ  AQSH filmi
âš” Ujas Fantastik
ğŸ“¥ Asilmedia..Net",351,199,Bu Yerda Yolgiz,2418.jpg
2419,BAACAgQAAx0Ec8rVjQACCXNkZJz-o73OrDuNBkJCQxS9QlJFOQACrw0AAhaJCFFK0D3uUu9lFy8E,"ğŸ¥âº Ong Bak

ğŸ‡ºğŸ‡¿ âº O'zbek Tilida
ğŸŒ âº Gankong Tailand Fransiya
âš” âº Jangari Triller",554,200,Ong Bak,2419.jpg
2420,BAACAgQAAx0Ec8rVjQACCXRkZJz_R2iqlgABOBapJG-lPiYVWJwAAqkNAAIWiQhRKME99wvn26svBA,"ğŸ¥âº Ong Bak 2

ğŸ‡ºğŸ‡¿ âº O'zbek Tilida
ğŸŒ âº Tailand
âš” âº #Jangari #Triller",515,201,Ong Bak 2,2420.jpg
2421,BAACAgQAAx0Ec8rVjQACCXVkZJ0AAU-dwpFg4eUuQ4CMA3UhLYYAAiMOAAIWiQhRnJGKN3_icGsvBA,"ğŸ¥ âº Ong Bak 3

ğŸ‡ºğŸ‡¿ âº O'zbek Tilida
ğŸŒ âº Tailand
âš” âº #Jangari #Triller",520,202,Ong Bak 3,2421.jpg
2422,BAACAgQAAx0Ec8rVjQACCXZkZJ0AAUqWR9xDFk8TSrsdZzfreFAAAg4IAAIz7VlQId2lSxeetykvBA,"ğŸ¥Uzuklar Hukumdori : Uzuklar ittifoqi

ğŸ‡ºğŸ‡¿O'zbek tilida 
ğŸ“€Sifati 480p 
ğŸï¸Janri : #Jangari #Fantastika #Sarguzasht",488,203,Uzuklar Hukumdori  Uzuklar ittifoqi,2422.jpg
2423,BAACAgQAAx0Ec8rVjQACCXdkZJ0B_-Ri2vO4HfSdVXJNj4gDeAACwgkAAvqoWFB_8JcSWGGYPi8E,"ğŸ¥Uzuklar Hukumdori : ikki qal'a 

ğŸ‡ºğŸ‡¿O'zbek tilida 
ğŸ“€Sifati 480p 
ğŸï¸Janri : Jangari Fantastika Sarguzasht",514,204,Uzuklar Hukumdori  ikki qala,2423.jpg
2424,BAACAgIAAx0Ec8rVjQACCXhkZJ0EWCNsfrNqnvAuup1nlbKWJwACUy0AAnY66Ut06XgFJsPWzC8E,"PREMYERAâš¡ï¸ 2023

ğŸ¥NOMI Arvoh ovchilari | 1QISM

DAVLATI AQSH 
SANASI 2023 
JANR #Jangari #serial
TILI O'zbek tilida  
Manba: uzmovi..com",158,205,Arvoh ovchilari | 1QISM,2424.jpg
2425,BAACAgQAAx0Ec8rVjQACCXlkZJ0Fh0HaaN3jaGjnfo7VLgPSRQACUg0AAtNTEFJnnFgSl9x0mi8E,"PREMYERA âš¡ï¸

ğŸ¥Kino nomi: Qichqiriq 1

ğŸ‡ºğŸ‡¿Tili:O'zbek
ğŸ‡ºğŸ‡¸Davlati:AQSH
ğŸ’½Hajmi:616mb 
ğŸ’¾Sifati:Yaxshi(720p)
ğŸJanri: #ujas #jangari",616,206,Qichqiriq 1,2425.jpg
2426,BAACAgEAAx0Ec8rVjQACCXpkZJ0FfYqwpjo5PUnd6MDT6PEeQAACuwMAApz92EcaKFzwdEkWti8E,"PREMYERAâš¡ï¸ 2023

ğŸ¥NOMI Vaxshiylar /Yovvoyilar
 
DAVLATI AQSH 
SANASI 2023 
JANR #Jangari #triller #drama
TILI O'zbek tilida 
 DAVOMIYLIGI 1 soat | 47 minut
Manba: uzmovi..com",730,207,Vaxshiylar /Yovvoyilar,2426.jpg
2427,BAACAgIAAx0Ec8rVjQACCXtkZJ0Gj1mgaFp-CvCp5lrGHB6mygAC5CUAAo2E6UvICkLjfRVzci8E,"PREMYERAâš¡ï¸ 2023

ğŸ¥NOMI Arvoh qotillari 

DAVLATI AQSH 
SANASI 2023 
JANR  #Komediya #Qorqinchili 
TILI O'zbek tilida 
 DAVOMIYLIGI 1 soat | 47 minut
Manba: uzmovi..com",310,208,Arvoh qotillari,2427.jpg
2428,BAACAgEAAx0Ec8rVjQACCXxkZJ0GZJFsVNRF_M0ISBi2-VnRWAACIwMAAjo9wUY2qkRgGX40GS8E,"ğŸ¥Nomi: Black Adam / Qora Adam

ğŸ‡ºğŸ‡¿Tili: O'zbek tilida 
ğŸ“€Sifati: 480P HD Original
ğŸŒDavlat: AQSH
ğŸ“†Yili: 2022-yil
ğŸï¸Janri: #Fantastika #Fantaziya #Jangari",692,209,Black Adam / Qora Adam,2428.jpg
2429,BAACAgIAAx0Ec8rVjQACCX1kZJ0KNQNpy0XOLD7-9nhWUEJnHgAC2B0AAsC8CEtl0NeFoXIidy8E,"ğŸ¥Nomi: G'arbiy fronta o'zgarish yo'q

ğŸ‡ºğŸ‡¿Tili: O'zbek tilida 
ğŸ“€Sifati: Mobile HD
ğŸŒDavlat: AQSH
ğŸï¸Janri: #JangariÂ #Drama",416,210,Garbiy fronta ozgarish yoq,2429.jpg
2430,BAACAgQAAx0Ec8rVjQACCX5kZJ0LPKCY1IKjuz3UvuIrP_ZoHgACfwsAAstQWVC9u38TWvw8ES8E,"ğŸ¥ Qopqon

ğŸ‡ºğŸ‡¿ O'zbek Tilida
ğŸŒ  AQSH Kanada
âš” Jangari #Qorqinchli",323,211,Qopqon,2430.jpg
2431,BAACAgIAAx0Ec8rVjQACCX9kZJ0LbhmqzDFdee51kF1QMpWlPgACMQgAAquvOUkAAYhR4m0-IXIvBA,"ğŸ¥ âº Mina 

ğŸ‡ºğŸ‡¿ âº O'zbek Tilida [480p/HD]
ğŸŒ âº Davlati: AQSH Ispaniya Italiya
âš”ï¸ âº Janri: #Jangari #Drama #Triller #Fantaziya",376,212,Mina,2431.jpg
2432,BAACAgIAAx0Ec8rVjQACCYBkZJ0LaTab-5pIj5mHCFo2vxEnYwACESIAAuQp0EvCxtk3Kq3CHS8E,"PREMYERAâš¡ï¸ 2023

ğŸ¥NOMI Havfli hudud | 6 QISM

DAVLATI AQSH 
JANR #Hayotiy #Drama #serial
TILI O'zbek tilida 2023
Manba: uzmovi..com

Serialni keyingi qismlari  afsuski chiqmagan bu yakuniy qism",143,213,Havfli hudud | 6 QISM,2432.jpg
2433,BAACAgQAAx0Ec8rVjQACCYFkZJ0MaZh4OZDrN3APfJmaaXlmXQAC8RAAAqJHsVOZxacSmkM-6S8E,"ğŸ¥ Nomi: Qonli Olmos

ğŸ‡ºğŸ‡¿ Tili: O'zbek tilida",883,214,Qonli Olmos,2433.jpg
2434,BAACAgIAAx0Ec8rVjQACCYJkZJ0PIKxpdQZ5abnOjaxx12g4MwACjBsAArL8mEgeMhkt7reyVy8E,"ğŸ¥Nomi: Faun Labirinti 

ğŸŒ Davlati: Meksika Ispaniya
ğŸ’½ Formati: 480p HD
ğŸ‡ºğŸ‡¿ Tili: O'zbek tilida
ğŸ­ Janri: #Fantaziya #Ujis #Harbiy #Drama
â³ Davomiyligi: 2s 00 minut",736,215,Faun Labirinti,2434.jpg
2435,BAACAgQAAx0Ec8rVjQACCYNkZJ0Ql9Z1AvUsfsImMOguEVJKTQAC-wkAAqrT0VGYuxpIYlCChy8E,"ğŸ¥ 'Pandorum'

â± Davomiyligi: 1:45:30
ğŸ‡ºğŸ‡¿ Tili: O'zbek tilida
ğŸ’½ Sifati: 360p
ğŸ’¾ Hajmi: 868.0 MB
ğŸ¥ Janri: #Ujas #Triller",868,216,Pandorum,2435.jpg
2436,BAACAgEAAx0Ec8rVjQACCYRkZJ0QskBNY0oCbW4dUpo8JbYOHgACKQEAAiqBkEcSV_oVv8T9FC8E,"ğŸ¥Film noĞ¼i: Yulduzlar maskani 

ğŸ­Janri: #jangari #fantastika 
ğŸ’¾sifaÑ‚i: Mobile HD
ğŸ‡ºğŸ‡¿ Ñ‚ili: Uzbek tilida
ğŸ‘ĞºorisĞ½: 16+",495,217,Yulduzlar maskani,2436.jpg
2437,BAACAgUAAx0Ec8rVjQACCYVkZJ0R_ZRbp-MkSK_3xy6hZ_9gDAACrwsAAjuOYFYEr2U8lPbyHC8E,"ğŸ¥SoÊ»nggi marra chegara

Tili: oÊ»zbek tilida
Janri: #drama #jangari #triller #boevik
Sifati: 720p
Davlati: AQSh",864,218,SoÊ»nggi marra chegara,2437.jpg
2438,BAACAgIAAx0Ec8rVjQACCYZkZJ1O1Pe-hBCw6sl9K7YYyFn0JQACZiMAAloueEtqTiQas9LG5S8E,"ğŸ¥ Ilonlar Bilan Parvoz

ğŸ‡ºğŸ‡¿ O'zbek Tilida
ğŸŒ AQSH filmi
âš” Jangari Triller",474,219,Ilonlar Bilan Parvoz,2438.jpg
2439,BAACAgQAAx0Ec8rVjQACCYdkZJ1ONBmJ8XRINq_oAoZ1lzo11gACrgoAAkkfUFF_RRLPXWeKSy8E,"BIZDA JANGARI FILMâš¡ï¸

ğŸ¥Nomi: Ustoz usta yohud Firibgar

ğŸ³ï¸ Davlati: Janubiy Koreya
ğŸ—“ Sanasi: 2021
ğŸ“¢ Tili: O'zbek tilida (Tarjima)
âŒ›ï¸ Davomiyligi: 2 soat | 20 minut",424,220,BIZDA JANGARI FILMâš¡ï¸,2439.jpg
2440,BAACAgEAAx0Ec8rVjQACCYhkZJ1PfWfvQ3AnfYw412fv1SXslwACZgIAAq1fEURM1FW73Ot_CS8E,"Jeki Chan kinosini soginganlar uchun

ğŸ¥Ajdar Muxrining siri 

ğŸ‡ºğŸ‡¿Oâ€˜zbek tilida
ğŸ“€Sifati 480p 
ğŸ“†Yili 2019 
ğŸJanri : Jangari Fantastika Sarguzasht 
ğŸ‘¥Bosh rollarda : #Jeki Chan #Arnold Shvaysteiger XingTong Yao Jeyson Flemina Charles Dance",486,221,Jeki Chan kinosini soginganlar uchun,2440.jpg
2441,BAACAgIAAx0Ec8rVjQACCYlkZJ1P67LoEYAP5OL-PO69UTUpGAACWwkAAg1bKUv9L-V2NVhfRC8E,"ğŸ¥Ğ’Ğ°Ğ¼Ğ¿Ğ¸Ñ€ ĞºĞ¸Ğ½Ğ¾

Ğ£Ğ·Ğ±ĞµĞº Ñ‚Ğ¸Ğ»Ğ¸Ğ´Ğ°",211,222,Ğ’Ğ°Ğ¼Ğ¿Ğ¸Ñ€ ĞºĞ¸Ğ½Ğ¾,2441.jpg
2442,BAACAgIAAx0Ec8rVjQACCYpkZJ1Qb21f4vn6KRxA_WDF6Id5JgACbCMAAj8oaEnJ9h7n0Ege6y8E,"ğŸ¥ SHAVQATSIZ JANG! 

TARJIMA KINO UZBEK TILIDA",276,223,SHAVQATSIZ JANG!,2442.jpg
2443,BAACAgIAAx0Ec8rVjQACCYtkZJ1TgX99rDjmzBnAg0QL5ThoAgAC2wIAAlGXMEpYd0Rj635ZVy8E,"ğŸ¥ Dinozavrlar Oroli

ğŸ‡ºğŸ‡¿  O'zbek Tilida FullHD
ğŸŒ  Davlati: Avstraliya
ğŸ¥: Sifati: 720p orginal
âš”ï¸  Janri: #Jangari   #Sarguzasht",599,224,Dinozavrlar Oroli,2443.jpg
2444,BAACAgQAAx0Ec8rVjQACCYxkZJ1UxoeraAfIZ5STCeOvwA2jpQACJhAAAumRcFJFeXN40O0LjS8E,"ğŸ¥Murosasiz

Tili: oÊ»zbek tilida
Janri: $drama #jangari #triller #boevek
Sifati: 720p
Davlati: AQSh",439,225,Murosasiz,2444.jpg
2445,BAACAgIAAx0Ec8rVjQACCY1kZJ1U7Qm_NYsStjjW_t5aKEdW1gACuxsAAoQVkEj1rc7EBQxBJi8E,"ğŸ¥ 'Gazab' b/f  /Ğ“Ğ½ĞµĞ²

Davlat: AQSH
Chiqarilgan yil: 2021
Format: 480p
Janr: Jangari triller kriminal
 Til: OÊ»zbek tilida

âœ…Xamma izlab yurgan film âš¡ï¸",722,226,Gazab   /Ğ“Ğ½ĞµĞ²,2445.jpg
2446,BAACAgEAAx0Ec8rVjQACCY5kZJ1VBWCkJ4fpQfaLmNijrjpN7wACvAIAArrtGUSUHrdhO6-9Ai8E,"'ğŸ¥ MORTAL KOMBAT' 2
Oâ€˜zbek  tilida
2021- yil",429,227,MORTAL KOMBAT 2,2446.jpg
2447,BAACAgIAAx0Ec8rVjQACCY9kZJ1V1zpV8HaJgTCDgp1btI18-wACPCUAAuQpyEvKB9KXewdVfC8E,"PREMYERAâš¡ï¸ 2023

ğŸ¥NOMI Havfli hudud | 5 QISM

DAVLATI AQSH 
JANR #Hayotiy #Drama #serial
TILI O'zbek tilida 2023
Manba: uzmovi..com",150,228,Havfli hudud | 5 QISM,2447.jpg
2448,BAACAgQAAx0Ec8rVjQACCZBkZJ1Z3Ggegh1dvcvXPfQ6CRUMDAACYAgAArVPUVPMWywfcK0Y9S8E,"ğŸ¥Film Nomi: 'BETMAN SUPERMENGA QARSHI'
ğŸ‡ºğŸ‡¿Tili: O'zbek tilida
ğŸ“†Yili: 2016
ğŸSifaÑ‚i: 720p
ğŸ­Janri: #sarguzasht #fantastika #jangari",991,229,Film  BETMAN SUPERMENGA QARSHI,2448.jpg
2449,BAACAgQAAx0Ec8rVjQACCZFkZJ1Z2KVq__Wt8nNBm2By83N46QACVwoAAiHaAVALU6DUYxLwAy8E,"Kormaganlar bosa koringlarğŸ‘

ğŸ¥Nomi: 'NOTOGRI BURILISH 3'

Tili: UZBEK TILIDA ğŸ‡ºğŸ‡¿
Janir: #ujas #qorqinchilik #vaxshiy",569,230,Kormaganlar bosa koringlarğŸ‘,2449.jpg
2450,BAACAgQAAx0Ec8rVjQACCZJkZJ1aFskXHrUdGbav98Bul-bf1gACdQ4AAvJa-FIU1G4Pj7b4mC8E,"#Premyera2023

Ketish qarori

ğŸJanr:JinoyatDramaRomantika
ğŸ‡ºğŸ‡¿Til:Oâ€˜zbek tili
Â©ï¸Rejisyor:Park Chan-vuk
ğŸŒDavlati:Janubiy Korea
ğŸ’½Sifati:480p
ğŸ“†Yil:2023-yil 2-fevral
ğŸ”IMDb:7.3 ballğŸŒŸ
ğŸ‘¥Roâ€˜llarda:Park Xe-il Tang Vey Li Jung-hyun Go Kyung-Pyo Shin-Yong Kim Jung Yon Suk Seung-mok Yu.",581,231,Ketish qarori,2450.jpg
2451,BAACAgUAAx0Ec8rVjQACCZNkZJ1aATqlaEeVXBjVC7gKj8EIvQAC8gUAAvQC6FfCUWvOD4YX9S8E,"#Bolalar_Kattalar_Uchun

ğŸ¥ Tom va Jerri 2021
ğŸ‡ºğŸ‡¿  O'zbek Tilida
ğŸŒ  AQSH Fransiya
âš”  Sarguzasht Dram",629,232,Bolalar_Kattalar_Uchun,2451.jpg
2452,BAACAgEAAx0Ec8rVjQACCZRkZJ1bhVEhHECD8iMBV_4RpVTrvgACywIAAgFlyEfs3QE0hq4F_i8E,"ğŸ¥ Avraam Linkoln: Vampir ovchisi

ğŸ‡ºğŸ‡¿ OÊ»zbek tilida
ğŸ“† Yil: 2022 yil
ğŸï¸ Janri: #jangari #fantastic #triller #kriminal #ujas
ğŸ¥ Sifat:480 p",502,233,Avraam Linkoln Vampir ovchisi,2452.jpg
2453,BAACAgIAAx0Ec8rVjQACCZVkZJ1f9ZtViqsXLPZa40PrzFKlngACmyEAAjfmuUtuZPrhodaAEi8E,"PREMYERAâš¡ï¸ 2023

ğŸ¥NOMI Havfli hudud | 4 QISM

DAVLATI AQSH 
JANR #Hayotiy #Drama #serial
TILI O'zbek tilida 2023
Manba: uzmovi..com",152,234,Havfli hudud | 4 QISM,2453.jpg
2454,BAACAgEAAx0Ec8rVjQACCZZkZJ1fwlYdmh4twVauMKj01hHMIQACmgIAAkoL4EfGdv72MNy_US8E,"PREMYERAâš¡ï¸

ğŸ¥Nomi: Qotil Arvoh

ğŸ‘Kino Ko'rish: 16+ 
ğŸ‡ºğŸ‡¿Tili: O'zbek tilida 
ğŸ“€Sifati: 720p
ğŸ“†Yili: 2022-yil 
ğŸï¸Janri: #jangari #Fantasticks",488,235,Qotil Arvoh,2454.jpg
2455,BAACAgQAAx0Ec8rVjQACCZdkZJ1gX3e-8kp3X8kD4LxCayz3ewACmg4AAg2AcVK3krRKue1rOS8E,"ğŸ¥ 'QO'RQUV KO'LI'

ğŸŒTili: OÊ»zbek Tilida 
â³ Davomiyligi: 1:33:07
ğŸ“€Sifati: Mobile HD
ğŸŒDavlat: Afrika
ğŸï¸Janri: #ujis #fantastika #jangari",541,236,QORQUV KOLI,2455.jpg
2456,BAACAgIAAx0Ec8rVjQACCZhkZJ1gCY9q4ypmZP9TdhVv0DK6WQACMhcAAsAjkEve9KFFhuOi-i8E,"ğŸ¥ Nazorat jangi

ğŸŒ Davlati: amerika
ğŸ’½ Formati: 480p HD
ğŸ‡ºğŸ‡¿ Tili: O'zbek tilida
ğŸ­ Janri: #Triller #urish
â³ Davomiyligi: 1s 35 minut",512,237,Nazorat jangi,2456.jpg
2457,BAACAgIAAx0Ec8rVjQACCZlkZJ1hcnn0agQ_Z5ZbnYSGuHVIFwAC2AoAAhjMiUvoF0k0spuBmy8E,"SUPER KINOâš¡ï¸

'1941_45 urush' 

uzbek tilida tarjima kino",353,238,SUPER KINOâš¡ï¸,2457.jpg
2458,BAACAgQAAx0Ec8rVjQACCZpkZJ3OtXKXfubMUTqf6dPmEDKKOwACWQgAAktqWFBa0fdlETDbDS8E,"ğŸ¥ 'So'ngi Chaqiriq' 

â€£ Janr: #ujas #vaxshiy
â€£ Til: o'zbek tilida
â€£ Sifat: 480p",419,239,Songi Chaqiriq,2458.jpg
2459,BAACAgQAAx0Ec8rVjQACCZtkZJ3PY0j54MK41ES35EC3X3OiQQACJhAAAumRcFJFeXN40O0LjS8E,"ğŸ¥Murosasiz

Tili: oÊ»zbek tilida
Janri: $drama #jangari #triller #boevek
Sifati: 720p
Davlati: AQSh",439,240,Murosasiz,2459.jpg
2460,BAACAgEAAx0Ec8rVjQACCZxkZJ3PbVip-lXGU0byFioyL6gx4QACgQUAAuLZ-Ecnmhq2Lr0dKS8E,"ğŸ¥Sen Bilan Uchrashguncha

ğŸ‡ºğŸ‡¿  O'zbek Tilida
ğŸŒ  AQSH Buyuk Britaniya
âš”  Drama Melodrama",502,241,Sen Bilan Uchrashguncha,2460.jpg
2461,BAACAgIAAx0Ec8rVjQACCZ1kZJ3Qq2UbQS7RkXA0eZzR5hW4dwACmiYAApz5oUvqXfyIGJGEtS8E,"PREMYERAâš¡ï¸

ğŸ¥NOMI Havfli hudud |1 QISM

DAVLATI AQSH 
JANR #Hayotiy #Drama #serial
TILI O'zbek tilida 2023
Manba: uzmovi..com",154,242,Havfli hudud |1 QISM,2461.jpg
2462,BAACAgIAAx0Ec8rVjQACCZ5kZJ3RkNHH-Ut2zkWxqciB-BKSfAACOS0AAkhHqEtGxuj2R7TmHC8E,"PREMYERAâš¡ï¸ 2023

ğŸ¥NOMI Havfli hudud | 2 QISM

DAVLATI AQSH 
JANR #Hayotiy #Drama #serial
TILI O'zbek tilida 2023
Manba: uzmovi..com",177,243,Havfli hudud | 2 QISM,2462.jpg
2463,BAACAgIAAx0Ec8rVjQACCZ9kZJ3UkXfJODIsEwyLDdnHgRtvgwACWw0AAlFjYUl7C-mrnPm94C8E,"ğŸ¥Film noĞ¼i: SEVASTAPOL MUDOFASI 

ğŸ­Janri: #Biografiya #Boevik #Voyenniy #Drama #Istoricheskiy #Melodrama
ğŸ’¾sifaÑ‚i: Mobile HD
ğŸ‡ºğŸ‡¿ Ñ‚ili: Uzbek tilida
ğŸ‘ĞºorisĞ½: 12+",709,244,SEVASTAPOL MUDOFASI,2463.jpg
2464,BAACAgEAAx0Ec8rVjQACCaBkZJ3VmtBuG9aygzVc-5prwubBKAACOAUAAq11uESOStwnYLbafy8E,"ğŸ“ºFilĞ¼ noĞ¼i: Qochoq HD
ğŸ­Janri: #jangari
ğŸŒDavlat: AQSH
ğŸ’¾sifaÑ‚i: Mobile HD
ğŸ‡ºğŸ‡¿ Ñ‚ili: Uzbek tilida
ğŸ‘ĞºorisĞ½: 16+
â³ Davomiyligi: 1s | 21 minut",443,245,FilĞ¼ noĞ¼i Qochoq,2464.jpg
2465,BAACAgEAAx0Ec8rVjQACCaFkZJ3WdbxRPt0iYmmjcLS_df2FsAACBwIAArLMWESsk1e9uP-8Wi8E,"ğŸ¬ Kapalak (2017)
ğŸ‡ºğŸ‡¿ O'zbek tilida (480p)",728,246,Kapalak,2465.jpg
2466,BAACAgIAAx0Ec8rVjQACCaJkZJ3WTgZ8Ovic-mSgih_E_x0K6gAC4wgAAsLo-Us0PzFcTHRjeS8E,"ğŸ Zootopia 'Hayvonlar Shahri' 
ğŸ‡ºğŸ‡¿O'zbek Tilida
#multfilm #kriminal #komediya ğŸ”¥",376,247,Zootopia Hayvonlar Shahri,2466.jpg
2467,BAACAgIAAx0Ec8rVjQACCaNkZJ3XgXtx756yzXLspS7wBdVVyQACyhQAAtNTYEgWDB0Zp6o1VC8E,"ğŸ¥Nomi: QOCHISH

ğŸ‡ºğŸ‡¿O'zbek tilida
ğŸ“€Sifati 480p
ğŸ“†Yili 2021",550,248,QOCHISH,2467.jpg
2468,BAACAgIAAx0Ec8rVjQACCaRkZJ3aBX0a8jwrMa4F1Tmpd9VElgAC5SAAAhl0KEmHgO7YDzcWdS8E,"ğŸ¥ Nomi : Ukun

ğŸ‡ºğŸ‡¿ Tili : O'zbek Tilida
ğŸ“¹ Sifati : 480p
ğŸ“† Yili : 2020
ğŸŒ Davlat : AQSH 
ğŸ­ Janri : Jangari Drama Fantastik",429,249,Ukun,2468.jpg
2469,BAACAgEAAx0Ec8rVjQACCaVkZJ3bx2ZlCs6OpoRUY8EBNy1I3gACoAIAAjJscETQBpkU1EI6ki8E,"PREMYERAâš¡ï¸

ğŸ¥Nomi: PUBG 'Mening Hayotim'

ğŸ‡ºğŸ‡¿Tili: O'zbek tilida
ğŸ“€Sifati 480p
ğŸ“†Yili 2022
ğŸ‡ºğŸ‡¸ Davlat: Xitoy
ğŸï¸Janri : #Jangari #Triller #Sarguzasht #Drama",766,250,PUBG Mening Hayotim,2469.jpg
2470,BAACAgQAAx0Ec8rVjQACCaZkZJ3boGKlZaT2NavCCQt8Nm2CHQAC8g0AAqPoAAFQka_DR0BbVR4vBA,"ğŸ¥ Kino nomi: T-34

ğŸ‡ºğŸ‡¿ Ozbek tilida
ğŸŒ Davlati Rossiya
ğŸ’½ Sifati: 480p
ğŸ“† Yili 2018
ğŸ Janri: #Jangari #Harbiy",444,251,T-34,2470.jpg
2471,BAACAgIAAx0Ec8rVjQACCadkZJ3cR8RST9BvD_JcKdkAAWi447YAAg8tAAJIR6BLSEKzJIa5FBAvBA,"PREMYERAâš¡ï¸ 2023

ğŸ¥Nomi O'tmishning arvohlari

DAVLATI AQSH SANASI 2023 
JANR #Qorqinchili 
TILI O'zbek tilida 
DAVOMIYLIGI 1 soat | 47 minut
Manba: uzmovi..com",269,252,Otmishning arvohlari,2471.jpg
2472,BAACAgEAAx0Ec8rVjQACCahkZJ3d3Rt9t1wPt-zLBi1SrdEDwAACjwADUnlJR5tdZZ3KwJBcLwQ,"ğŸ¬ Urush Va Jang (O'zbek tilida)
ğŸ“ Formati 480p HD
ğŸ” Davomiyligi 139:09
ğŸ­ Janr: Jangari Triller 

 ",645,253,Urush Va Jang,2472.jpg
2473,BAACAgEAAx0Ec8rVjQACCalkZJ3gvDiBSldMzA4SzE0cwIxqZQAC7AADlL4pRYG48T2G8-vQLwQ,"ğŸ¬ O'zganing Hayoti (O'zbek tilida)
ğŸ“ Formati 480p HD
ğŸ” Davomiyligi 165:54
ğŸ­ Janr: Jangari Triller Dramma 

 ",356,254,Ozganing Hayoti,2473.jpg
2474,BAACAgIAAx0Ec8rVjQACCapkZJ3hq8XKTwo9B20Nhbm9r0vphgACPQcAApSPKEm2ybX7ln2wci8E,"ğŸ¬ O'g'ri (O'zbek tilida) #Premyera 
ğŸ“ Formati 480p HD
ğŸ” Davomiyligi 125:55
ğŸ­ Janr: Jangari Triller Dramma 

 ",504,255,ğŸ“ Formati,2474.jpg
2475,BAACAgEAAx0Ec8rVjQACCatkZJ3hjjOrU9Su9eN8FtSh2pBN_gACygIAAjSVUUREJ-lLJ6o_Vy8E,"PREMYERAâš¡ï¸

ğŸ¥ Film nomi: Belko tajribasi

ğŸ‡ºğŸ‡¿ Film oâ€˜zbek tilida tarjimasi 2023
â± Premyera: 2017-yil
ğŸ’½ Format: 480p.
ğŸ“‹ Janr: #Triller. #UJAS. #Jangari
ğŸŒ Davlati: AQSH.",442,256,Film nomi Belko tajribasi,2475.jpg
2476,BAACAgIAAx0Ec8rVjQACCaxkZJ4QmbdGMsDjmj5emRwSQjqM8AACdyEAAkKCwUhW7rKR3Jmfvy8E,"#Premyera

ğŸ¬Nomi: Taslim bo'lma
â–â–â–â–â–â–â–
ğŸ‡ºğŸ‡¿Tili: O'zbek tilida 
ğŸ“€Sifati: 480P Mobile HD
ğŸŒDavlat: AQSH 
ğŸ“†Yili: 2021-yil
ğŸï¸Janri: #Jangari #Komediya",473,257,Taslim bolma,2476.jpg
2477,BAACAgQAAx0Ec8rVjQACCa1kZJ4R60Kzr-uYWGbBLY_6VeaSEAACXhIAAg7Y4FPGeC0h01WCPy8E,"ğŸ¥ Qora suv

ğŸ“¹ Sifati: 720Ñ€ 
ğŸ“† Yil: 2007
ğŸ Janr: #Ujas  #Jangari  #Triller  D#rama  #Sarguzashtlik
ğŸ‡»ğŸ‡¬ Davlat: Avstraliya
â± Davomiylik: 01:21:20
ğŸ‡ºğŸ‡¿ Tarjima: O'zbek tilida",655,258,Qora suv,2477.jpg
2478,BAACAgQAAx0Ec8rVjQACCa5kZJ4Rk89x7e121GGfSb84QAT74gACCQ8AAjtrUFAUm12Fg6FBxy8E,"ğŸ¥Nomi: Liger 

ğŸ‡ºğŸ‡¿Tili: O'zbek tilida 
ğŸ“€Sifati: 480P Mobile HD
ğŸŒDavlat: Hindiston 
ğŸ“†Yili: 2022-yil
ğŸï¸Janri: #Sport #Jangari #Triller #Drama",973,259,Liger,2478.jpg
2479,BAACAgIAAx0Ec8rVjQACCa9kZJ4SrhWbvE10xLpem72jZor-BQACMgkAAhl1iUt3xWgMd2JD3S8E,"SUPER PREMYERA âš¡ï¸

ğŸ¥Nomi : MaÊ¼budlar jangi

Janri: #fantastic #treyler #jangari",449,260,MaÊ¼budlar jangi,2479.jpg
2480,BAACAgIAAx0Ec8rVjQACCbBkZJ4SnN2mM_qCbXBisZtMESItkwACYgkAAmasyUv2ZE8lqrXL8i8E,"PREMYERAâš¡ï¸

(1941-45 urush kino)

 ğŸ¥Nomi:'Rjev' b/f

â€£ Davlat: Rossiya
â€£ Janr: #jangari #drama #urush
â€£ Til: o'zbek tilida
â€£ Sifat: 480p",825,261,-45 urush kino,2480.jpg
2481,BAACAgIAAx0Ec8rVjQACCbFkZJ4WmaE2O01ZX-KEV8PvEpWgFQACpiAAAhl0KEknaCPnTJ7mFi8E,"ğŸ¥ Nomi : Istilo

ğŸ‡ºğŸ‡¿ Tili : O'zbek Tilida
ğŸ“¹ Sifati : 480p
ğŸ“† Yili : 2021
ğŸŒ Davlat : AQSH 
ğŸ­ Janri : #Jangari #Fantastik #boevik",626,262,Istilo,2481.jpg
2482,BAACAgIAAx0Ec8rVjQACCbJkZJ4WRIaqAcv__w5GtNEurVb8ngAC_iAAAgrK4Uoloh3DDgABMCUvBA,"PREMYERAğŸ”¥

ğŸ¥ Nomi: Sakkizoyoq o'yini (2022)

ğŸŒ Davlati: AQSH
ğŸ’½ Formati: 720p HD
ğŸ‡ºğŸ‡¸ Tili: Ingliz tilida
ğŸ­ Janri: #Ujas #Jangari
â³ Davomiyligi: 1s 28 minut",811,263,Sakkizoyoq oyini,2482.jpg
2483,BAACAgUAAx0Ec8rVjQACCbNkZJ4XmtFwGRo7_fkU2ZpgzMqQlwACBAkAAmonOFQaKZO9Vle2BS8E,"PREMYERA âš¡ï¸

ğŸ¥Kino nomi: Tutqunlikda

ğŸ“…Yili:2022-yil
ğŸ‡ºğŸ‡¿Tili:O'zbek tilida
ğŸ‡ºğŸ‡¸Davlati:AQSH
ğŸ’½Hajmi:371mb 
ğŸ’¾Sifati:Yaxshi(720p)
ğŸJanri: #Triller #Detektiv",371,264,Tutqunlikda,2483.jpg
2484,BAACAgQAAx0Ec8rVjQACCbRkZJ4YPJ-dkoC-ILXYB4lThvXdqwAC1hAAAqvVWFP3LG4nLTkDTS8E,"PREMYERAâš¡ï¸

ğŸ¥Nomi: Bo'ri ovi

ğŸŒTili: OÊ»zbek Tilida
ğŸ“€Sifati: 720P HD
ğŸŒDavlat: AQSH Kanada
ğŸ“†Yili: 2020-yil
ğŸï¸Janri: #Jangari",747,265,Bori ovi,2484.jpg
2485,BAACAgIAAx0Ec8rVjQACCbVkZJ4YffoHUh-uFMcdFIRNoqLa2wACtQcAAmQxgUnZR9ah280jwC8E,"ğŸ¬ 3 Savdoyi (O'zbek tilida) 
ğŸ“ Formati 360p HD
ğŸ” Davomiyligi 149:38
ğŸ­ Janr: Drama Komediya

 ",320,266,3 Savdoyi,2485.jpg
2486,BAACAgIAAx0Ec8rVjQACCbZkZJ4c6kitMXD-yXyaKprp6EA59gAC9wcAAq_lMEmyERZydBlsJS8E,"ğŸ¬ Gabbarning qaytishi (O'zbek tilida) 
ğŸ“ Formati 480p HD
ğŸ” Davomiyligi 128:19
ğŸ­ Janr: Jangari 

 ",936,267,Gabbarning qaytishi,2486.jpg
2487,BAACAgIAAx0Ec8rVjQACCbdkZJ4cfTFOzCyDkQ0o9eY2X6FymwACfB8AAky3gEl-c7ckPTq0Xy8E,"ğŸ Xudo yor bo'lsin 2. Hind kino.
(O'zbek tilida )


 ",716,268,Xudo yor bolsin 2,2487.jpg
2488,BAACAgEAAx0Ec8rVjQACCbhkZJ4drVvuTAOIDVUH3mrKb5yHeQACZgMAAqSduUa7t5XKFHwFZC8E,"ğŸ¬ Nomi: YASHIRIN RAQAM / 2023

ğŸ’ Formati: HD
ğŸ­ Janri: #Melodrama #Kriminal #Premyera
â° Davomiyligi: 57min/11sek

 ",159,269,YASHIRIN RAQAM /,2488.jpg
2489,BAACAgQAAx0Ec8rVjQACCblkZJ4d44azZw6fKUodQdivTVdc0wAC0S4AAmZwiVNezxE9Cc0CIC8E,"Nafs qullari  (Uzbek kino) ĞĞ°Ñ„Ñ ĞºÑƒĞ»Ğ»Ğ°Ñ€Ğ¸  (ĞĞ·Ğ±ĞµĞº ĞºĞ¸Ğ½Ğ¾)

 ",137,270,Nafs qullari   ĞĞ°Ñ„Ñ ĞºÑƒĞ»Ğ»Ğ°Ñ€Ğ¸  ĞĞ·Ğ±ĞµĞº Ğº,2489.jpg
2490,BAACAgQAAx0Ec8rVjQACCbpkZJ4eL-UhH49rTJ9kL6ZiPSjYTAACnXYAAiB9gFO1VIIrNUVfSy8E,"Soliha 2 (o'zbek kino)|

 ",112,271,Soliha 2 |,2490.jpg
2491,BAACAgQAAx0Ec8rVjQACCbtkZJ4hkyatiTfxjXxm8AABtyhBNLIAAgOsAALfeehSLMLqKZTVzM0vBA,"Pismiq kuyov 2 (o'zbek film) 

 ",105,272,Pismiq kuyov 2,2491.jpg
2492,BAACAgQAAx0Ec8rVjQACCbxkZJ4iKMOcu0t9cJ7IaHKBdLngWAAC66wAAt956FJi2vLry9fIBC8E,"Soliha(o'zbek kino)

 ",186,273,Soliha,2492.jpg
2493,BAACAgQAAx0Ec8rVjQACCb1kZJ4j5sOhEfoR0EbkPSPeJw75BgACsQoAAnXAoFKT3JqkX89etC8E,"Manyak (o'zbek film) 2021

 ",348,274,Manyak,2493.jpg
2494,BAACAgQAAx0Ec8rVjQACCb5kZJ4jDX_EdKVBov3LijYa_HQnAQACzwsBAAE3e5lS04_ZiUQrLVgvBA,"Bevafo (o'zbek film) 

 ",146,275,Bevafo,2494.jpg
2495,BAACAgQAAx0Ec8rVjQACCb9kZJ4k3Qy0fjWGDqLE8_cpM3aXmgACewkBAAE3e5lS1wN2h4c_oy0vBA,"Ishtahadagi ishq (o'zbek film) 

 ",182,276,Ishtahadagi ishq,2495.jpg
2496,BAACAgQAAx0Ec8rVjQACCcBkZJ5PbHIRFeTCOnUmj4SDh10ToQAChBQBAAG-MWBSGVZnzA3NrwIvBA,"G'aroyib pullar (o'zbek film)

 ",179,277,Garoyib pullar,2496.jpg
2497,BAACAgQAAx0Ec8rVjQACCcFkZJ5QHinmwXXXpa17sikS6YK-nAACG_8AAicg6FDvsetY7GXrPy8E,"Sabriya (o'zbek ĞºĞ¸Ğ½Ğ¾) 

 ",103,278,Sabriya,2497.jpg
2498,BAACAgQAAx0Ec8rVjQACCcJkZJ5Qpnh2naSJsbz-JrlfJ6ZLEQAC9RIAAgMMOFFy4jag1aYDfy8E,"Men terrorchi emasman (O'zbek film)

 ",478,279,Men terrorchi emasman,2498.jpg
2499,BAACAgQAAx0Ec8rVjQACCcNkZJ5RROVog3XUb2qYghwdNZTc1wACHEEAAun1IVE8bbykwbZZhy8E,"'Yetim' filmi 

 ",129,280,Yetim filmi,2499.jpg
2500,BAACAgQAAx0Ec8rVjQACCcRkZJ5RrRXVfRSxsfW8GQEIyZjQQAACMBAAAtqjGVFl8TZ-KFi92y8E,"Scorpion (o'zbek film) 

 ",202,281,Scorpion,2500.jpg
2501,BAACAgQAAx0Ec8rVjQACCcVkZJ5Shxztxs6ezYOVmfXFzZOdLgACDhcAAgLzqVB3pwPoLVec9C8E,"Million mojarosi (o'zbek Film)

 ",188,282,Million mojarosi ozbek Film,2501.jpg
2502,BAACAgQAAx0Ec8rVjQACCcZkZJ5TB8AjUArfu0MbV-L91f0FogACOwkAAguRaFDynxHYPu0qZS8E,"O'zimizning Oloviddin (o'zbek film)

 ",311,283,Ozimizning Oloviddin,2502.jpg
2503,BAACAgIAAx0Ec8rVjQACCcdkZJ5TaM11oWvKhQE0bR_alab1aQACjwkAAkFeUEjWsbyRqLzFhi8E,"Badal (o'zbek film)

 ",379,284,Badal,2503.jpg
2504,BAACAgIAAx0Ec8rVjQACCchkZJ5UPlwAAZWQZQerf39nmyijtBkAAo8MAAL9EylIjQzjD3Y2VlEvBA,"Jaholat (o'zbek film)

 ",223,285,Jaholat,2504.jpg
2505,BAACAgIAAx0Ec8rVjQACCclkZJ5XbrmacPqc6-KfZhsXZ33sbgACGQkAAmG3CUh9UdLsL4ADYC8E,"Bosh ko'targan bojalar

 ",376,286,Bosh kotargan bojalar,2505.jpg
2506,BAACAgIAAx0Ec8rVjQACCcpkZJ5Yf-nkMzrWpF3Z3laa34zq_gACdQoAAqNx-EssoaW45xJt8i8E,"Mister Alfons o'zbek film

 ",279,287,Mister Alfons,2506.jpg
2507,BAACAgIAAx0Ec8rVjQACCctkZJ5YSyz9Yq7Y7qE3t_C_lgklEAACcAoAAqNx-EuMR_5eWrLGwS8E,"Menga esa sen kerak 

 ",408,288,Menga esa sen kerak,2507.jpg
2508,BAACAgQAAx0Ec8rVjQACCcxkZJ5ZH1JeeR1qh4NDi-U3cLG57QACghoAAicRYVMX3sR4KBS60i8E,"Shallaqi (o'zbek film) 

 ",378,289,Shallaqi,2508.jpg
2509,BAACAgQAAx0Ec8rVjQACCc1kZJ5ZgFmvGKi7oReLx--9cqpszQACYRsAAj32MFP9bkGlLFtnsy8E,"3-kvartal (o'zbek film) 

 ",240,290,3-kvartal,2509.jpg
2510,BAACAgQAAx0Ec8rVjQACCc5kZJ5dRCt1sjOkZoWxyQzggm7IfAACCR4AAj-9GFNZ0c1C5fvW1C8E,"Yolg'iz bo'ri (o'zbek film) 2020

 ",464,291,Yolgiz bori,2510.jpg
