message_id,file_id,caption,file_size,id,title
549,BAACAgQAAx0Ec8rVjQACAiVkYdAEXQkqHLqbBcqIH3vNKOgjOAACcQoAAmo4EFNRKOYnJSajFS8E,"O'zga sayyoralik mahbubim 6-qism Koreya seriali

 ",237,1,Ozga sayyoralik mahbubim 6qism Koreya seriali
550,BAACAgQAAx0Ec8rVjQACAiZkYdAEM3169YIvOG_saKba8O7-vgACcgoAAmo4EFNqjagKlllTBS8E,"O'zga sayyoralik mahbubim 7-qism Koreya seriali 

 ",219,2,Ozga sayyoralik mahbubim 7qism Koreya seriali 
551,BAACAgQAAx0Ec8rVjQACAidkYdAEof5Ay_o6DWJ94Btx4DaVIgACegoAAmo4EFN6hfznES30Li8E,"O'zga sayyoralik mahbubim 8-qism Koreya seriali

 ",195,3,Ozga sayyoralik mahbubim 8qism Koreya seriali
552,BAACAgQAAx0Ec8rVjQACAihkYdAE5R4NV4IWkjgL2RrK3DzUGQACeAoAAmo4EFMwCn_MCLwYoy8E,"O'zga sayyoralik mahbubim 9-qism Koreya seriali

 ",181,4,Ozga sayyoralik mahbubim 9qism Koreya seriali
553,BAACAgQAAx0Ec8rVjQACAilkYdAE7Avw8KwdQGDjhDsgZ9KGnwACfAoAAmo4EFOlWefyaQnuoi8E,"O'zga sayyoralik mahbubim 10-qism Koreya seriali 

 ",183,5,Ozga sayyoralik mahbubim 10qism Koreya seriali 
554,BAACAgQAAx0Ec8rVjQACAipkYdALAT0UG6YRlijfIRkq2hcq_wACfQoAAmo4EFOjKE3PlETC9y8E,"O'zga sayyoralik mahbubim 11-qism Koreya seriali

 ",188,6,Ozga sayyoralik mahbubim 11qism Koreya seriali
555,BAACAgQAAx0Ec8rVjQACAitkYdAL1maLqPfSw9OcFlXv5tyLlAACfgoAAmo4EFNaASl6kFx_gi8E,"O'zga sayyoralik mahbubim 12-qism Koreya seriali 

 ",191,7,Ozga sayyoralik mahbubim 12qism Koreya seriali 
556,BAACAgQAAx0Ec8rVjQACAixkYdALPhsn8EofO2A02OH3LO0KKwACfwoAAmo4EFN5HV12qhbMxi8E,"O'zga sayyoralik mahbubim 13-qism Koreya seriali 

 ",204,8,Ozga sayyoralik mahbubim 13qism Koreya seriali 
557,BAACAgQAAx0Ec8rVjQACAi1kYdALKDCY9XpjKsJDeZ1lkNFgRQACgQoAAmo4EFPU5A9OUiZmmC8E,"O'zga sayyoralik mahbubim 14-qism Koreya seriali 

 ",179,9,Ozga sayyoralik mahbubim 14qism Koreya seriali 
558,BAACAgQAAx0Ec8rVjQACAi5kYdALMYv5RQec6chEPEU9mkVA2gACggoAAmo4EFOo3MjGIVivlS8E,"O'zga sayyoralik mahbubim 15-qism Koreya seriali 

 ",169,10,Ozga sayyoralik mahbubim 15qism Koreya seriali 
559,BAACAgQAAx0Ec8rVjQACAi9kYdAQfZEaWUjTD3rwe-Bun4Mn0QACgwoAAmo4EFP9tZlRjd9_XS8E,"O'zga sayyoralik mahbubim 16-qism Koreya seriali 

 ",198,11,Ozga sayyoralik mahbubim 16qism Koreya seriali 
560,BAACAgQAAx0Ec8rVjQACAjBkYdAQ8L4ORRW0wMbrwK6Ax0UrAAOECgACajgQUz6cC_pry9PyLwQ,"O'zga sayyoralik mahbubim 17-qism Koreya seriali 

 ",189,12,Ozga sayyoralik mahbubim 17qism Koreya seriali 
561,BAACAgQAAx0Ec8rVjQACAjFkYdAQnzqRaOUNh3UoTZNvmBdCNAAChQoAAmo4EFPuYTfyKMkTwS8E,"O'zga sayyoralik mahbubim 18-qism Koreya seriali 

 ",187,13,Ozga sayyoralik mahbubim 18qism Koreya seriali 
562,BAACAgQAAx0Ec8rVjQACAjJkYdAQcW3sEb4zMpeo7U5xdydLuAAChgoAAmo4EFN-yn0De-99_C8E,"O'zga sayyoralik mahbubim 19-qism Koreya seriali 

 ",173,14,Ozga sayyoralik mahbubim 19qism Koreya seriali 
563,BAACAgQAAx0Ec8rVjQACAjNkYdARqZH_LVFoaCYt7rn_o4tj7AAChwoAAmo4EFOEI9r5jO4ZIy8E,"O'zga sayyoralik mahbubim 20-qism Koreya seriali 

 ",231,15,Ozga sayyoralik mahbubim 20qism Koreya seriali 
564,BAACAgQAAx0Ec8rVjQACAjRkYdAVtWQJc3QleO6HRj8mxuwKJgACiAoAAmo4EFOa-O6mW403XC8E,"O'zga sayyoralik mahbubim 21-qism Koreya seriali 

 ",221,16,Ozga sayyoralik mahbubim 21qism Koreya seriali 
565,BAACAgQAAx0Ec8rVjQACAjVkYdAVy0ki6IPvwN3SyK_5uH1y7AACiQoAAmo4EFMM9ctbenoUeS8E,"O'zga sayyoralik mahbubim 22-qism Koreya seriali 

 ",162,17,Ozga sayyoralik mahbubim 22qism Koreya seriali 
566,BAACAgQAAx0Ec8rVjQACAjZkYdAVErBjVjwWeLR9HfBV2Xf2pAACigoAAmo4EFMsirBXwzrP9i8E,"O'zga sayyoralik mahbubim 23-qism Koreya seriali 

 ",236,18,Ozga sayyoralik mahbubim 23qism Koreya seriali 
567,BAACAgQAAx0Ec8rVjQACAjdkYdB-KCdEEIXF33PMQ0frs8r6jQACjQoAAmo4EFOvBIMkO7AjOi8E,"O'zga sayyoralik mahbubim 24-qism Koreya seriali 

 ",158,19,Ozga sayyoralik mahbubim 24qism Koreya seriali 
568,BAACAgQAAx0Ec8rVjQACAjhkYdB_DB0V0coZ1I5--4n1B1dB1QACjgoAAmo4EFOp8dps9ak35i8E,"O'zga sayyoralik mahbubim 25-qism Koreya seriali

 ",183,20,Ozga sayyoralik mahbubim 25qism Koreya seriali
569,BAACAgQAAx0Ec8rVjQACAjlkYdB_e8rbDcj-1dpQKORiVjXL9wACjwoAAmo4EFPlYsleP8kGDC8E,"O'zga sayyoralik mahbubim 26-qism Koreya seriali 

 ",187,21,Ozga sayyoralik mahbubim 26qism Koreya seriali 
570,BAACAgQAAx0Ec8rVjQACAjpkYdB_yq_vgln526gaGQ6_Rg71zgACkAoAAmo4EFOS1KHCYJdo4C8E,"O'zga sayyoralik mahbubim 27-qism Koreya seriali 

 ",215,22,Ozga sayyoralik mahbubim 27qism Koreya seriali 
571,BAACAgQAAx0Ec8rVjQACAjtkYdB_lmPJLaRhA1_H4harVaU0JgACkQoAAmo4EFNe8AJpz7NOPS8E,"O'zga sayyoralik mahbubim 28-qism Koreya seriali

 ",182,23,Ozga sayyoralik mahbubim 28qism Koreya seriali
572,BAACAgQAAx0Ec8rVjQACAjxkYdCD_GbGNoEJBG9psD31nSwDAgACkgoAAmo4EFOoMpBQOR0MiC8E,"O'zga sayyoralik mahbubim 29-qism Koreya seriali 

 ",184,24,Ozga sayyoralik mahbubim 29qism Koreya seriali 
573,BAACAgQAAx0Ec8rVjQACAj1kYdCEulWt2uNPOcT9fHjAslF5VgACkwoAAmo4EFPkOWPaDa-a2C8E,"O'zga sayyoralik mahbubim 30-qism Koreya seriali 

 ",154,25,Ozga sayyoralik mahbubim 30qism Koreya seriali 
574,BAACAgQAAx0Ec8rVjQACAj5kYdCEMNJ0bHzKbDOXp_n1vobPbQAClAoAAmo4EFNxA5s4qxC5XC8E,"O'zga sayyoralik mahbubim 31-qism Koreya seriali final

 ",192,26,Ozga sayyoralik mahbubim 31qism Koreya seriali 
592,BAACAgEAAx0Ec8rVjQACAlBkYdEHP8fk4fC5baT3cdnG-WIVOAACNwwAAvn-YEZNgGz8CghDDS8E,"G‚Äòalati narsalar | Ajabtovur ishlar 13-Qism

Kodi: 701
Tili: o ªzbek tilida
Janri: Sarguzasht qo ªrqinchli fantaziya
Sifati: 720p

Yangiliklar
üëâ 
üëâ ",562,44,G‚Äòalati narsalar | Ajabtovur ishlar 13Qism
593,BAACAgEAAx0Ec8rVjQACAlFkYdEHSKcQugR_UTGq66PRI6Gj-QACVAwAAvn-YEaUu3aJ5iZrIC8E,"G‚Äòalati narsalar | Ajabtovur ishlar 14-Qism

Kodi: 701
Tili: o ªzbek tilida
Janri: Sarguzasht qo ªrqinchli fantaziya
Sifati: 720p

Yangiliklar
üëâ 
üëâ ",511,45,G‚Äòalati narsalar | Ajabtovur ishlar 14Qism
594,BAACAgEAAx0Ec8rVjQACAlJkYdEHwXKnD4hN4330-fF8dwXrKwACrQsAApQaiEaERWxJQq85hC8E,"G‚Äòalati narsalar | Ajabtovur ishlar 15-Qism

Kodi: 701
Tili: o ªzbek tilida
Janri: Sarguzasht qo ªrqinchli fantaziya
Sifati: 720p

Yangiliklar
üëâ 
üëâ ",413,46,G‚Äòalati narsalar | Ajabtovur ishlar 15Qism
617,BAACAgEAAx0Ec8rVjQACAmlkYdFZ6Q3uYIBViAs8fUgOEXbVDgACrwsAApQaiEYVpO9xDi3Z9S8E,"G‚Äòalati narsalar | Ajabtovur ishlar 16-Qism

Kodi: 701
Tili: o ªzbek tilida
Janri: Sarguzasht qo ªrqinchli fantaziya
Sifati: 720p

Yangiliklar
üëâ 
üëâ ",428,69,G‚Äòalati narsalar | Ajabtovur ishlar 16Qism
618,BAACAgEAAx0Ec8rVjQACAmpkYdFZD1oVgkuGbn3EAW_hrhUfFAACtwIAAjqymUbN2Zh6CixnZy8E,"G‚Äòalati narsalar | Ajabtovur ishlar 17-Qism

Kodi: 701
Tili: o ªzbek tilida
Janri: Sarguzasht qo ªrqinchli fantaziya
Sifati: 720p

Yangiliklar
üëâ 
üëâ ",630,70,G‚Äòalati narsalar | Ajabtovur ishlar 17Qism
619,BAACAgEAAx0Ec8rVjQACAmtkYdFZfY6XAoprm2KmKt5LolJk-gACugIAAjqymUZCZ6nxrtgZJC8E,"G‚Äòalati narsalar | Ajabtovur ishlar 18-Qism

Kodi: 701
Tili: o ªzbek tilida
Janri: Sarguzasht qo ªrqinchli fantaziya
Sifati: 720p

Yangiliklar
üëâ 
üëâ ",695,71,G‚Äòalati narsalar | Ajabtovur ishlar 18Qism
620,BAACAgEAAx0Ec8rVjQACAmxkYdFddz5FYzayk6vyU2u3tK9_HAACewMAAjqyoUb_RpYsieapTS8E,"G‚Äòalati narsalar | Ajabtovur ishlar 19-Qism

Kodi: 701
Tili: o ªzbek tilida
Janri: Sarguzasht qo ªrqinchli fantaziya
Sifati: 720p

Yangiliklar
üëâ 
üëâ ",641,72,G‚Äòalati narsalar | Ajabtovur ishlar 19Qism
621,BAACAgEAAx0Ec8rVjQACAm1kYdFdxsouEzIYhJgAAU9Xxnki2fYAAkADAAJAXNFGyBH8LpBpmi0vBA,"G‚Äòalati narsalar | Ajabtovur ishlar 20-Qism

Kodi: 701
Tili: o ªzbek tilida
Janri: Sarguzasht qo ªrqinchli fantaziya
Sifati: 720p

Yangiliklar
üëâ 
üëâ ",522,73,G‚Äòalati narsalar | Ajabtovur ishlar 20Qism
622,BAACAgEAAx0Ec8rVjQACAm5kYdFeY7n041q3dHmSas9z_A7wEQACiwQAAtN00Ub8iYoVPfHdwy8E,"G‚Äòalati narsalar | Ajabtovur ishlar 21-Qism

Kodi: 701
Tili: o ªzbek tilida
Janri: Sarguzasht qo ªrqinchli fantaziya
Sifati: 720p

Yangiliklar
üëâ 
üëâ ",584,74,G‚Äòalati narsalar | Ajabtovur ishlar 21Qism
623,BAACAgQAAx0Ec8rVjQACAm9kYdFeouXKDek8be51ezld2CTHnwAC7w8AAjtq6FLSmWQclPDEoC8E,"G‚Äòalati narsalar | Ajabtovur ishlar 22-Qism

Kodi: 701
Tili: o ªzbek tilida
Janri: Sarguzasht qo ªrqinchli fantaziya
Sifati: 720p

Yangiliklar
üëâ 
üëâ ",651,75,G‚Äòalati narsalar | Ajabtovur ishlar 22Qism
666,BAACAgIAAx0Ec8rVjQACAppkYdJ1q9xH-3_fMUcVL-IHn80o5QACuxUAAiHkgUuCFysX2orpfC8E,"Jumong Afsonasi

44 - qism
Tili: o ªzbek tilida
Janri: jangari
Sifati: 480p
Davlati: Janubiy Koreya

",251,118,Jumong Afsonasi
667,BAACAgIAAx0Ec8rVjQACAptkYdJ1qJCNMcIW0IUndkJi4TOligACkBoAAiHkiUveXl-o3M5QMi8E,"Jumong Afsonasi

45 - qism
Tili: o ªzbek tilida
Janri: jangari
Sifati: 480p
Davlati: Janubiy Koreya

",241,119,Jumong Afsonasi
668,BAACAgIAAx0Ec8rVjQACApxkYdJ1juHiXk7z_yn69w-5FS46lgACEhoAAqD-kEupzb1bW--NNi8E,"Jumong Afsonasi

46 - qism
Tili: o ªzbek tilida
Janri: jangari
Sifati: 480p
Davlati: Janubiy Koreya

",245,120,Jumong Afsonasi
669,BAACAgIAAx0Ec8rVjQACAp1kYdJ2IqrJP1hw4mthC7X5RlZ5kwACORoAAqD-oEsh41XYxCv4_i8E,"Jumong Afsonasi

47 - qism
Tili: o ªzbek tilida
Janri: jangari
Sifati: 480p
Davlati: Janubiy Koreya

",233,121,Jumong Afsonasi
670,BAACAgIAAx0Ec8rVjQACAp5kYdJ2wHOsV1YskRE2xZ9qDyopxQACFRYAAjAssEsEHD65xCZMty8E,"Jumong Afsonasi

48 - 49 - qismlar
Tili: o ªzbek tilida
Janri: jangari
Sifati: 480p
Davlati: Janubiy Koreya

",536,122,Jumong Afsonasi
671,BAACAgIAAx0Ec8rVjQACAp9kYdJ6RVKMUNPHB3XuL1WIeSWcxwACuRgAAn2uwUv1lUkVjaHtpS8E,"Jumong Afsonasi

50 - 51 - qismlar
Tili: o ªzbek tilida
Janri: jangari
Sifati: 480p
Davlati: Janubiy Koreya

",476,123,Jumong Afsonasi
672,BAACAgIAAx0Ec8rVjQACAqBkYdJ6idYzVf2WT-1oCzwSEAABGmkAAp0XAAKYH9BLtCDHGXcSgXkvBA,"Jumong Afsonasi

52 - 53 - qismlar
Tili: o ªzbek tilida
Janri: jangari
Sifati: 480p
Davlati: Janubiy Koreya

",546,124,Jumong Afsonasi
673,BAACAgIAAx0Ec8rVjQACAqFkYdJ6FWemy3BzNohAJ7fJ6wABsoMAAmUbAAI3g9hLSW8Nu2urCdYvBA,"Jumong Afsonasi

54 - qism
Tili: o ªzbek tilida
Janri: jangari
Sifati: 480p
Davlati: Janubiy Koreya

",235,125,Jumong Afsonasi
674,BAACAgIAAx0Ec8rVjQACAqJkYdJ7EnyYnsEsgcQ4kY65ikFCMwAC2xcAArJo-EuwIsyW3OID5y8E,"Jumong Afsonasi

55 - qism
Tili: o ªzbek tilida
Janri: jangari
Sifati: 480p
Davlati: Janubiy Koreya

",254,126,Jumong Afsonasi
675,BAACAgIAAx0Ec8rVjQACAqNkYdJ7EOq9svHUx2Jd3f1nK0vT8gAC7BcAArJo-Et75N0QOj0P7y8E,"Jumong Afsonasi

56 - 57 - qismlar
Tili: o ªzbek tilida
Janri: jangari
Sifati: 480p
Davlati: Janubiy Koreya

",631,127,Jumong Afsonasi
676,BAACAgIAAx0Ec8rVjQACAqRkYdJ_oUEd_NaIE9c5pedJxG3MOAACsxkAAqdACEgYyNVlJZDkHC8E,"Jumong Afsonasi

58 - qism
Tili: o ªzbek tilida
Janri: jangari
Sifati: 480p
Davlati: Janubiy Koreya

",447,128,Jumong Afsonasi
677,BAACAgIAAx0Ec8rVjQACAqVkYdJ_kUHjVYA-yrDEhcSQlLJDRAACwhkAAqdACEij1h_wFQoMmi8E,"Jumong Afsonasi

59 - 60 - qismlar
Tili: o ªzbek tilida
Janri: jangari
Sifati: 480p
Davlati: Janubiy Koreya

",570,129,Jumong Afsonasi
678,BAACAgIAAx0Ec8rVjQACAqZkYdJ_Slj_8wgpS2W8CWpzdeMnwAACpiEAAsN1EUi9YRjtmP7UqC8E,"Jumong Afsonasi

61 - 62 - qismlar
Tili: o ªzbek tilida
Janri: jangari
Sifati: 480p
Davlati: Janubiy Koreya

",623,130,Jumong Afsonasi
679,BAACAgIAAx0Ec8rVjQACAqdkYdKAgGWGbzGC6csWHFjlKSPnswACiCEAAsN1EUhyzO-C8dNgPS8E,"Jumong Afsonasi

63 - qism
Tili: o ªzbek tilida
Janri: jangari
Sifati: 480p
Davlati: Janubiy Koreya

",284,131,Jumong Afsonasi
680,BAACAgIAAx0Ec8rVjQACAqhkYdLg_P-hVjd1fq_HZazyddpFowACDh0AApQYIUi4Jp3Hu563iC8E,"Jumong Afsonasi

64 - 65 - qismlar
Tili: o ªzbek tilida
Janri: jangari
Sifati: 480p
Davlati: Janubiy Koreya

",540,132,Jumong Afsonasi
681,BAACAgIAAx0Ec8rVjQACAqlkYdLghDYh-gbh1XJMnfh59qSiLgACoxkAApQYKUgnNr35BlRQcS8E,"Jumong Afsonasi

66 - qism
Tili: o ªzbek tilida
Janri: jangari
Sifati: 480p
Davlati: Janubiy Koreya

",489,133,Jumong Afsonasi
682,BAACAgIAAx0Ec8rVjQACAqpkYdLg6BrvMKVZlN-wz7V8rDUs3AACrRcAAnEGOUjsgNMjDEeusS8E,"Jumong Afsonasi

67 - 68 - qismlar
Tili: o ªzbek tilida
Janri: jangari
Sifati: 480p
Davlati: Janubiy Koreya

",543,134,Jumong Afsonasi
683,BAACAgIAAx0Ec8rVjQACAqtkYdLhjtYsqKFz6bKGjI2BqgWwVwACvisAAmSmOEgdPWXYHhsZ7C8E,"Jumong Afsonasi

69 - 70 - qismlar
Tili: o ªzbek tilida
Janri: jangari
Sifati: 480p
Davlati: Janubiy Koreya

",1008,135,Jumong Afsonasi
684,BAACAgIAAx0Ec8rVjQACAqxkYdLhqw5L0M9mOlif7G0ot_A38AACjRgAAmSmSEiolH0H1MtqSC8E,"Jumong Afsonasi

71 - 72 - qismlar
Tili: o ªzbek tilida
Janri: jangari
Sifati: 480p
Davlati: Janubiy Koreya

",615,136,Jumong Afsonasi
685,BAACAgIAAx0Ec8rVjQACAq1kYdLlR7VSkKzdSGxuhdRHJqdAgAACOBgAAoNDWEiNTjNlATOX7S8E,"Jumong Afsonasi

73 - 74 - qismlar
Tili: o ªzbek tilida
Janri: jangari
Sifati: 480p
Davlati: Janubiy Koreya

",590,137,Jumong Afsonasi
686,BAACAgIAAx0Ec8rVjQACAq5kYdLl1xR7ThqXRGo8yGLYbQLL2AACRBgAAoNDWEgHZjqgZV88yC8E,"Jumong Afsonasi

75 - 76 - qismlar
Tili: o ªzbek tilida
Janri: jangari
Sifati: 480p
Davlati: Janubiy Koreya

",598,138,Jumong Afsonasi
687,BAACAgIAAx0Ec8rVjQACAq9kYdLmiWtAhPXrmaGgkUMabDlFJAACwxoAAqnhaEhGLLAMBlUsBy8E,"Jumong Afsonasi

77 - 78 - qismlar
Tili: o ªzbek tilida
Janri: jangari
Sifati: 480p
Davlati: Janubiy Koreya

",574,139,Jumong Afsonasi
688,BAACAgIAAx0Ec8rVjQACArBkYdLm1MhQlUHvMUBv4x-O8sfKJwACsR0AArGqeEhAcTf-_xItRy8E,"Jumong Afsonasi

79 - 80 - qismlar
Tili: o ªzbek tilida
Janri: jangari
Sifati: 480p
Davlati: Janubiy Koreya

",604,140,Jumong Afsonasi
689,BAACAgIAAx0Ec8rVjQACArFkYdLmIt0U5jZMquspNX2ZyBjyhwACrR0AArGqeEg3Xld39QiPKi8E,"Jumong Afsonasi Oxirgi qism 

81 - qism
Tili: o ªzbek tilida
Janri: jangari
Sifati: 480p
Davlati: Janubiy Koreya

",356,141,Jumong Afsonasi Oxirgi qism 
690,BAACAgIAAx0Ec8rVjQACArJkYdLqb8c5KTdBomYzkLBeOe7kMAACkhUAAtHrsUpu38hbE18qYS8E,"Jumong Afsonasi

22 - 23 - qismlar
Tili: o ªzbek tilida
Janri: jangari
Sifati: 480p
Davlati: Janubiy Koreya

",489,142,Jumong Afsonasi
691,BAACAgIAAx0Ec8rVjQACArNkYdLrOSkiPhmg7W1xrJtFx1vgNAACixYAAkjkuUqa20jXzGvhpi8E,"Jumong Afsonasi

24 - qismlar
Tili: o ªzbek tilida
Janri: jangari
Sifati: 480p
Davlati: Janubiy Koreya

",444,143,Jumong Afsonasi
692,BAACAgIAAx0Ec8rVjQACArRkYdLrGNCebmas-o4w5V8z6YMu0gACdRoAAtfuyUoNfJC5o7lp8C8E,"Jumong Afsonasi

25 - qismlar
Tili: o ªzbek tilida
Janri: jangari
Sifati: 480p
Davlati: Janubiy Koreya

",417,144,Jumong Afsonasi
693,BAACAgIAAx0Ec8rVjQACArVkYdLryLw4pphpbbLQJRYPcN1e6gACRRgAAqYd0Ep0SL6ByVD5gi8E,"Jumong Afsonasi

26 - qism
Tili: o ªzbek tilida
Janri: jangari
Sifati: 480p
Davlati: Janubiy Koreya

",461,145,Jumong Afsonasi
694,BAACAgIAAx0Ec8rVjQACArZkYdLrfEuAPRVgFZnEithLzRX7AwACfhcAAufH4Uoy54dVt5tQsC8E,"Jumong Afsonasi

27 - 28 - qismlar
Tili: o ªzbek tilida
Janri: jangari
Sifati: 480p
Davlati: Janubiy Koreya

",415,146,Jumong Afsonasi
695,BAACAgIAAx0Ec8rVjQACArdkYdLvdg4eh59LHrSHJqRXvUUsEwACTxkAAhlX6EoGLE6IcXGL0C8E,"Jumong Afsonasi

29 - 30 - qismlar
Tili: o ªzbek tilida
Janri: jangari
Sifati: 480p
Davlati: Janubiy Koreya

",555,147,Jumong Afsonasi
696,BAACAgIAAx0Ec8rVjQACArhkYdLwwPfBIwwHpeDjHwL9kqmYZAACWBwAAhyw-UoYTS55nWCXFy8E,"Jumong Afsonasi

31 - 32 - qismlar
Tili: o ªzbek tilida
Janri: jangari
Sifati: 480p
Davlati: Janubiy Koreya

",577,148,Jumong Afsonasi
697,BAACAgIAAx0Ec8rVjQACArlkYdLwpLSz-UrEj_mUo_DkjxQFnQACEBQAAp6bEEu-19ry2Zzh-C8E,"Jumong Afsonasi

33 - qism
Tili: o ªzbek tilida
Janri: jangari
Sifati: 480p
Davlati: Janubiy Koreya

",568,149,Jumong Afsonasi
698,BAACAgIAAx0Ec8rVjQACArpkYdLwmHKelJJLZAABcDHv40jUceQAAoEUAAKemxBLuB7CJWCunfwvBA,"Jumong Afsonasi

34 - qism
Tili: o ªzbek tilida
Janri: jangari
Sifati: 480p
Davlati: Janubiy Koreya

",570,150,Jumong Afsonasi
699,BAACAgIAAx0Ec8rVjQACArtkYdM6hW9QJwinstphkliDilNcKQACtRoAAjPAIUv93Ad0KDR1Si8E,"Jumong Afsonasi

35 - qism
Tili: o ªzbek tilida
Janri: jangari
Sifati: 480p
Davlati: Janubiy Koreya

",570,151,Jumong Afsonasi
700,BAACAgIAAx0Ec8rVjQACArxkYdM6wMaib_eivhwLT6FypgO6IwACIBoAAjPAKUvp7bGUBgfb8C8E,"Jumong Afsonasi

35 - 36- qismlar
Tili: o ªzbek tilida
Janri: jangari
Sifati: 480p
Davlati: Janubiy Koreya

",697,152,Jumong Afsonasi
701,BAACAgIAAx0Ec8rVjQACAr1kYdM7zm8X-HTkQ4p0U2RFepSOCQAC1RgAAiO3OUvHHamH78PGdi8E,"Jumong Afsonasi

37 - qismlar
Tili: o ªzbek tilida
Janri: jangari
Sifati: 480p
Davlati: Janubiy Koreya

",243,153,Jumong Afsonasi
702,BAACAgIAAx0Ec8rVjQACAr5kYdM7_5OEh5cwOEJ5pXoSV-NLTAACaRkAAqdpQEt2MIarJjUuMS8E,"Jumong Afsonasi

38 - qismlar
Tili: o ªzbek tilida
Janri: jangari
Sifati: 480p
Davlati: Janubiy Koreya

",237,154,Jumong Afsonasi
703,BAACAgIAAx0Ec8rVjQACAr9kYdM7y9Z_0I6ufdNeI3WJKrXI_AAChBYAAgUiSUtmO8zRnO5QEi8E,"Jumong Afsonasi

39 - qismlar
Tili: o ªzbek tilida
Janri: jangari
Sifati: 480p
Davlati: Janubiy Koreya

",252,155,Jumong Afsonasi
704,BAACAgIAAx0Ec8rVjQACAsBkYdNC_yooKaKge-FiG5DyyvIHKAACmhUAAlKlWUvortWcgmEG3i8E,"Jumong Afsonasi

40 - qism
Tili: o ªzbek tilida
Janri: jangari
Sifati: 480p
Davlati: Janubiy Koreya

",244,156,Jumong Afsonasi
705,BAACAgIAAx0Ec8rVjQACAsFkYdNCGSF2BWxx9jym0J1f3UujyQACGxoAAufTYUt5vmUZQPvfPS8E,"Jumong Afsonasi

41 - qism
Tili: o ªzbek tilida
Janri: jangari
Sifati: 480p
Davlati: Janubiy Koreya

",241,157,Jumong Afsonasi
706,BAACAgIAAx0Ec8rVjQACAsJkYdNDeXQtOZbB6T15ItUsWWb6ZQACLxgAAn8jcUscKCJdwn-TfC8E,"Jumong Afsonasi

42 - qism
Tili: o ªzbek tilida
Janri: jangari
Sifati: 480p
Davlati: Janubiy Koreya

",248,158,Jumong Afsonasi
707,BAACAgIAAx0Ec8rVjQACAsNkYdNDzCJU71KtiWHGeE5gO8-D2wACNBgAAn8jcUvhIf3Mq5bSwy8E,"Jumong Afsonasi

43 - qism
Tili: o ªzbek tilida
Janri: jangari
Sifati: 480p
Davlati: Janubiy Koreya

",247,159,Jumong Afsonasi
723,BAACAgIAAx0Ec8rVjQACAtNkYdOvODWUf57UGEXVf-jac6QzMAACJQYAApR7uUpfWUA1WRbOfS8E,"SHUNQOR 1-QISM
O'ZBEK TILIDA
#PREMYERA
#jangari #detektiv #drama #romantika

 ",334,175,SHUNQOR 1QISM
724,BAACAgIAAx0Ec8rVjQACAtRkYdOwLe-Zz7f7-uwZmvDCvb8tuQAC3AQAAhSGwErnbnr8YC3jhC8E,"SHUNQOR 2-QISM
O'ZBEK TILIDA
#jangari #detektiv #drama #romantika

 ",330,176,SHUNQOR 2QISM
725,BAACAgIAAx0Ec8rVjQACAtVkYdOwIDu1FG7thtc280nmltaqlwACbAQAApR7wUrv06ei6J9s0y8E,"SHUNQOR 3-QISM
O'ZBEK TILIDA
#jangari #detektiv #drama #romantika

 ",350,177,SHUNQOR 3QISM
726,BAACAgIAAx0Ec8rVjQACAtZkYdOwy6Ik1KucI7FHMSjczMu-YAACFgUAAhSGyEqFnnuvMhFDKy8E,"SHUNQOR 4-QISM
O'ZBEK TILIDA
#jangari #detektiv #drama #romantika

 ",339,178,SHUNQOR 4QISM
727,BAACAgIAAx0Ec8rVjQACAtdkYdOwM_dgMAPx3anqxcRUd-PU6gACTwYAAhSGyEqLUSLNNENSWi8E,"SHUNQOR 5-QISM
O'ZBEK TILIDA
#jangari #detektiv #drama #romantika

 ",350,179,SHUNQOR 5QISM
728,BAACAgIAAx0Ec8rVjQACAthkYdO3jZsaA3hTAAFYRyjXdKG9Gz0AAkAGAAKvdtlKSOarIBOASgcvBA,"SHUNQOR 6-QISM
O'ZBEK TILIDA
#jangari #detektiv #drama #romantika

 ",334,180,SHUNQOR 6QISM
729,BAACAgIAAx0Ec8rVjQACAtlkYdO3E480kX3ln0BhasCvp9hmZwACFwYAAlXY8EqMiyBVP0wHoy8E,"SHUNQOR 7-QISM
O'ZBEK TILIDA
#jangari #detektiv #drama #romantika

 ",335,181,SHUNQOR 7QISM
730,BAACAgIAAx0Ec8rVjQACAtpkYdO3MLWRuXLSRgh_KzPhBn079AACeAcAAiFe-ErxAprycPUroC8E,"SHUNQOR 8-QISM
O'ZBEK TILIDA
#jangari #detektiv #drama #romantika

 ",331,182,SHUNQOR 8QISM
731,BAACAgIAAx0Ec8rVjQACAttkYdO3jvQY94YZT83bBL1VJogZRQACrQYAAr5wAUt7eSA58RpNOi8E,"SHUNQOR 9-QISM
O'ZBEK TILIDA
#jangari #detektiv #drama #romantika

 ",350,183,SHUNQOR 9QISM
732,BAACAgIAAx0Ec8rVjQACAtxkYdO35leOya9LN7NIgmKGnzgoMwACrAUAAkRGMEswWUxe3jmwsC8E,"SHUNQOR 10-QISM
O'ZBEK TILIDA
#jangari #detektiv #drama

 ",330,184,SHUNQOR 10QISM
733,BAACAgIAAx0Ec8rVjQACAt1kYdO_3VUzmMVepXqFFLClcWK7cwACggUAAq54GEsOHCYGv-Rgvy8E,"SHUNQOR 11-QISM
O'ZBEK TILIDA
#jangari #detektiv #drama #romantika

 ",342,185,SHUNQOR 11QISM
734,BAACAgIAAx0Ec8rVjQACAt5kYdO_2gRKn3yffVAYYvVU57ycuwACWQQAApkdKEsNvYbstwSyHC8E,"SHUNQOR 12-QISM
O'ZBEK TILIDA
#jangari #detektiv #drama #romantika

 ",350,186,SHUNQOR 12QISM
735,BAACAgIAAx0Ec8rVjQACAt9kYdO_8mq4u0X4BH4tVp6NLQt8SwACmwYAAkRGMEtu1IQiOAsVny8E,"SHUNQOR 13-QISM
O'ZBEK TILIDA
#jangari #detektiv #drama #romantika

 ",341,187,SHUNQOR 13QISM
736,BAACAgIAAx0Ec8rVjQACAuBkYdO_RTXLokFjWZzgqZR7xZj1PgAC4wUAAqDIQEvXLauF7FETpi8E,"SHUNQOR 14-QISM
O'ZBEK TILIDA
#jangari #detektiv #drama #romantika

 ",332,188,SHUNQOR 14QISM
737,BAACAgIAAx0Ec8rVjQACAuFkYdPvdOi5JVSN11iooR1p4cXBGQACigUAAo94WEsyArMgKRlt4y8E,"SHUNQOR 15-QISM
O'ZBEK TILIDA
#jangari #detektiv #drama #romantika

 ",310,189,SHUNQOR 15QISM
738,BAACAgIAAx0Ec8rVjQACAuJkYdPvl2_3d6QHBVdJarW0AlrTnwAC0gUAApfgWUuj19H-HOyjTy8E,"SHUNQOR 16-QISM
O'ZBEK TILIDA
#jangari #detektiv #drama #romantika

 ",326,190,SHUNQOR 16QISM
739,BAACAgIAAx0Ec8rVjQACAuNkYdPvJWdsqYpL1LbxJihoQC8VYQACawYAAgWgaEseFG5R6Qu6DS8E,"SHUNQOR 17-QISM
O'ZBEK TILIDA
#jangari #detektiv #drama #romantika

 ",339,191,SHUNQOR 17QISM
740,BAACAgIAAx0Ec8rVjQACAuRkYdPvL7ie3YsZXR3SmBOr6XL5ZQACwwYAAm_EcUs7LzDOYjXX9S8E,"SHUNQOR 18-QISM
O'ZBEK TILIDA
#jangari #detektiv #drama #romantika

 ",332,192,SHUNQOR 18QISM
741,BAACAgIAAx0Ec8rVjQACAuVkYdPvxfL_6EHrYjitpaX8h_PNLQAC8wUAAwaBS_6xk3qE7FCmLwQ,"SHUNQOR 19-QISM
O'ZBEK TILIDA
#jangari #detektiv #drama #romantika

 ",336,193,SHUNQOR 19QISM
742,BAACAgIAAx0Ec8rVjQACAuZkYdP0sqalnlWeG4gVPulj7tXIeQAC4AYAAqBCiEsDIenSQ1zrUS8E,"SHUNQOR 20-QISM
O'ZBEK TILIDA
#jangari #detektiv #drama #romantika
#yakuniy_qism

 ",329,194,SHUNQOR 20QISM
743,BAACAgQAAx0Ec8rVjQACAudkYdP0BJvsfqGxQ-I0bMcWwLrjsgACQA0AAstWEVN7qcesAAGEls8vBA,"O'zga sayyoralik mahbubim 1-qism Koreya seriali

 ",185,195,Ozga sayyoralik mahbubim 1qism Koreya seriali
744,BAACAgQAAx0Ec8rVjQACAuhkYdP0QWsek_Frmb1_U39M__v-PQACuAwAAgfTEFOdFWZXldVQHy8E,"O'zga sayyoralik mahbubim 2-qism Koreya seriali

 ",200,196,Ozga sayyoralik mahbubim 2qism Koreya seriali
745,BAACAgQAAx0Ec8rVjQACAulkYdP0r0GUUDEE7GWq9BuNP68CIQACbgoAAmo4EFOZEnCEn5armi8E,"O'zga sayyoralik mahbubim 3-qism Koreya seriali 

 ",157,197,Ozga sayyoralik mahbubim 3qism Koreya seriali 
746,BAACAgQAAx0Ec8rVjQACAupkYdP0SJD7FVJZx-EgNRq-gGPrPAACbwoAAmo4EFMxRSdhfkepoC8E,"O'zga sayyoralik mahbubim 4-qism Koreya seriali 

 ",182,198,Ozga sayyoralik mahbubim 4qism Koreya seriali 
747,BAACAgQAAx0Ec8rVjQACAutkYdP5j1ViRwTncJwdE1vWb1bEPAACcAoAAmo4EFPQu4kqcTmYVC8E,"O'zga sayyoralik mahbubim 5-qism Koreya seriali 

 ",158,199,Ozga sayyoralik mahbubim 5qism Koreya seriali 
766,BAACAgIAAx0Ec8rVjQACAv5kYdReXdVtHxtqbsnkebf5DGlnoAACFREAAmA6aEsSKrM6YppLXC8E,"Vorislar 1-qism O'zbek tilida

 ",205,218,Vorislar 1qism 
767,BAACAgIAAx0Ec8rVjQACAv9kYdRe0aeJFTsp8jYO8L7QNxBNhQAC7hEAAmA6aEt93nL98XwniS8E,"Vorislar 2-qism O'zbek tilida

 ",135,219,Vorislar 2qism 
768,BAACAgIAAx0Ec8rVjQACAwABZGHUXh_aS9FFNjtkwIjIaEy_1IoAAgESAAJgOmhLuse2CJaofQwvBA,"Vorislar 3-qism O'zbek tilida

 ",137,220,Vorislar 3qism 
769,BAACAgIAAx0Ec8rVjQACAwFkYdRf4JRbEh_zKIz3S9AKz_HYygACNhIAAmA6aEvGxwz78hfumS8E,"Vorislar 4-qism O'zbek tilida

 ",146,221,Vorislar 4qism 
770,BAACAgIAAx0Ec8rVjQACAwJkYdRf3bu47pdR6rFq9q3tzs8POQAClRIAAmA6aEuPd9te3qzHWC8E,"Vorislar 5-qism O'zbek tilida

 ",140,222,Vorislar 5qism 
771,BAACAgIAAx0Ec8rVjQACAwNkYdRjAXivCA-2RWrsnmD43JTSsgACtxIAAmA6aEuV6jgzFlQMCi8E,"Vorislar 6-qism O'zbek tilida

 ",156,223,Vorislar 6qism 
772,BAACAgIAAx0Ec8rVjQACAwRkYdRjJQLoR2FA9ANt902RbYj-WQAC6hIAAmA6aEsL-EG_bZinNy8E,"Vorislar 7-qism O'zbek tilida

 ",129,224,Vorislar 7qism 
773,BAACAgIAAx0Ec8rVjQACAwVkYdRjLDXGeR5ZiDUJ8gWANwH3twACwAIAAnatgUk4ajOOAd2GAS8E,"Vorislar 8-qism O'zbek tilida

 ",130,225,Vorislar 8qism 
774,BAACAgIAAx0Ec8rVjQACAwZkYdRkc2fJT7siDEltmfbDzPGW6wACtwMAAqvD0Ul95pp15kawvS8E,"Vorislar 9-qism O'zbek tilida

 ",109,226,Vorislar 9qism 
775,BAACAgIAAx0Ec8rVjQACAwdkYdSrh8R_BHWCO2Gdpkh2JbuXAQACuwMAAqvD0Uk_vhVdssC6Si8E,"Vorislar 10-qism O'zbek tilida

 ",115,227,Vorislar 10qism 
776,BAACAgIAAx0Ec8rVjQACAwhkYdSrKX3Zk0T8m3zSQr2dpwd2gwACPQIAAstB6EkK4qxP_XhFIS8E,"Vorislar 11-qism O'zbek tilida

 ",111,228,Vorislar 11qism 
777,BAACAgIAAx0Ec8rVjQACAwlkYdSr3v4SRCYfwddze9mxr4ascwACgAIAAstB8ElHDZBdnMUtsy8E,"Vorislar 12-qism O'zbek tilida

 ",123,229,Vorislar 12qism 
778,BAACAgIAAx0Ec8rVjQACAwpkYdSsKMzTGjSwGEp5j_TwhGqNdgACjgIAAstB8EnNPxvuHWAFCi8E,"Vorislar 13-qism O'zbek tilida

 ",114,230,Vorislar 13qism 
779,BAACAgIAAx0Ec8rVjQACAwtkYdSsvEjXagYf9AwumiY8MrZBngAClAIAAstB8EljCO3-UaKoOi8E,"Vorislar 14-qism O'zbek tilida

 ",117,231,Vorislar 14qism 
780,BAACAgIAAx0Ec8rVjQACAwxkYdSwu5aocSfaIjBLu6PNaNGbCgACrQIAAtPs8Enhj1jLFJvHgi8E,"Vorislar 15-qism O'zbek tilida

 ",116,232,Vorislar 15qism 
781,BAACAgIAAx0Ec8rVjQACAw1kYdSxQAcdT2nBVjyLoxhvHlNKRgACugMAApBMAAFKXl8AAS96NlcYLwQ,"Vorislar 17-qism O'zbek tilida

 ",117,233,Vorislar 17qism 
782,BAACAgIAAx0Ec8rVjQACAw5kYdSxXv4NDa6P6jxACf7mWDotXQACKwMAAm5_GEpdz19Qp9iw9i8E,"Vorislar 18-qism O'zbek tilida

 ",108,234,Vorislar 18qism 
783,BAACAgIAAx0Ec8rVjQACAw9kYdSxUYq0AAGxOsfFwO3DHnVnYlUAAjMDAALbxDhK99Gtiv4fDC4vBA,"Vorislar 19-qism O'zbek tilida

 ",116,235,Vorislar 19qism 
784,BAACAgIAAx0Ec8rVjQACAxBkYdSxXxxsYu7_m0yIymAynYdbEgACNAMAAtvEOEo7mVJ6Q1xIsS8E,"Vorislar 20-qism O'zbek tilida

 ",108,236,Vorislar 20qism 
785,BAACAgIAAx0Ec8rVjQACAxFkYdS1XA5pKNDGiBs-2NerLWTWSgACTwIAAun5QEqjmhCqJA8euS8E,"Vorislar 21-qism O'zbek tilida

 ",151,237,Vorislar 21qism 
786,BAACAgIAAx0Ec8rVjQACAxJkYdS2VYI-dYjwcLZAc0bunfGUbQACTwIAAvzCYEqQbAwvCn0mKC8E,"Vorislar 22-qism O'zbek tilida

 ",120,238,Vorislar 22qism 
787,BAACAgIAAx0Ec8rVjQACAxNkYdS2HhSdRd37a1kunWnl8YCL6QACsgEAAq7naUqit3oUC3SWqi8E,"Vorislar 23-qism O'zbek tilida

 ",115,239,Vorislar 23qism 
788,BAACAgIAAx0Ec8rVjQACAxRkYdS2BEOUjVpp1oTy9LDQjnpt1QACtwEAAq7naUrbGuCTU71oXS8E,"Vorislar 24-qism O'zbek tilida

 ",127,240,Vorislar 24qism 
789,BAACAgIAAx0Ec8rVjQACAxVkYdS2GH7SgrmDkzT5TuI_q7j3YQACvQIAAnTfkEoK91pRwvV0HC8E,"Vorislar 25-qism O'zbek tilida

 ",115,241,Vorislar 25qism 
790,BAACAgEAAx0Ec8rVjQACAxZkYdS9rdnyhF7S_y8B7FOaquE7FAACcwADKSoYRGlzB-Ki7k7vLwQ,"Vorislar 28-qism O'zbek tilida

 ",179,242,Vorislar 28qism 
791,BAACAgEAAx0Ec8rVjQACAxdkYdTo-A3DLC11d1B0Ktk30foy5QACdQADNjMRRF2yuSI0mJqiLwQ,"Vorislar 29-qism O'zbek tilida

 ",175,243,Vorislar 29qism 
792,BAACAgEAAx0Ec8rVjQACAxhkYdTp_81qSw_4k4Y-z0SZd1z6AgACfAADKSoYRAjpVZfzS_VSLwQ,"Vorislar 30-yakuniy qism O'zbek tilida

 ",178,244,Vorislar 30yakuniy qism 
793,BAACAgEAAx0Ec8rVjQACAxlkYdTpCQlKUKxFxKnWOEkauZbXrQACTwIAArdAAAFHr2mo8kzqKsAvBA,"So ªl Yonim 1.qism

Uzbek tilida üá∫üáø

 ",195,245,So ªl Yonim 1qism
794,BAACAgQAAx0Ec8rVjQACAxpkYdTplX_tYWVLklgZ7eRD-eouigAC0gwAAkReCFOdsW4JPMTnsS8E,"So ªl Yonim 2.qism

Uzbek tilida üá∫üáø

 ",131,246,So ªl Yonim 2qism
795,BAACAgQAAx0Ec8rVjQACAxtkYdTpRc2h7xZ1fjByFqJLu-ilqwACGA0AAlXZIFN7-pLzGfNW5S8E,"So ªl Yonim 3.qism

Uzbek tilida üá∫üáø

 ",178,247,So ªl Yonim 3qism
796,BAACAgQAAx0Ec8rVjQACAxxkYdTwq1v8BAb-c1SWWuCCC77SSAACrg0AAlXZIFPzoyDLyo9HYC8E,"So ªl Yonim 4.qism

Uzbek tilida üá∫üáø

 ",177,248,So ªl Yonim 4qism
797,BAACAgQAAx0Ec8rVjQACAx1kYdTwMRwZJgGoqld2hj_j-mZPMwACSAsAAj2vQFOLn4Y5Nmhh4i8E,"So ªl Yonim 5.qism

Uzbek tilida üá∫üáø

 ",107,249,So ªl Yonim 5qism
798,BAACAgQAAx0Ec8rVjQACAx5kYdTwh63nPmu1lVW2B8KDg0PU8gACIA0AAifoUVNYYcCTcB-r8y8E,"So ªl Yonim 6.qism

Uzbek tilida üá∫üáø

 ",187,250,So ªl Yonim 6qism
799,BAACAgQAAx0Ec8rVjQACAx9kYdTwlhFZoOK2L0oBMkbrK7og4AACTQ0AAifoWVPFohyGCphFKy8E,"So ªl Yonim 7.qism

Uzbek tilida üá∫üáø

 ",173,251,So ªl Yonim 7qism
800,BAACAgQAAx0Ec8rVjQACAyBkYdTxPd8q28yjhmNn4nMLflRLaQACig4AArM7YVNredXw0jvc1i8E,"So ªl Yonim 8.qism

Uzbek tilida üá∫üáø

 ",191,252,So ªl Yonim 8qism
801,BAACAgQAAx0Ec8rVjQACAyFkYdT1HJdLQYkg0Lb1Mr86lk3S8wACdgwAApZjaFOF_VHI_vsSFC8E,"So ªl Yonim 9.qism

Uzbek tilida üá∫üáø

 ",180,253,So ªl Yonim 9qism
802,BAACAgQAAx0Ec8rVjQACAyJkYdT1HNLrn6ZZwtZemxqX-8xNHwACLg0AAt5wiFP_s1QjCn672y8E,"So ªl Yonim 10.qism

Uzbek tilida üá∫üáø

 ",175,254,So ªl Yonim 10qism
803,BAACAgQAAx0Ec8rVjQACAyNkYdT1YVPBnBdVLgg_b0p3eDYp9wACSgsAAvSioVP_yEhiJwbbMC8E,"So ªl Yonim 11.qism

Uzbek tilida üá∫üáø

 ",158,255,So ªl Yonim 11qism
804,BAACAgQAAx0Ec8rVjQACAyRkYdT1XP0MSYQEpwn3Z7O6xcUluwACZg0AAorgsVO9BgFifaY2Ty8E,"So ªl Yonim 12.qism

Uzbek tilida üá∫üáø

 ",127,256,So ªl Yonim 12qism
805,BAACAgQAAx0Ec8rVjQACAyVkYdT2qWZVCkqnga4paUuAyiEFDQACHw0AAorguVNXv0vWf8XNaS8E,"So ªl Yonim 13.qism

Uzbek tilida üá∫üáø

 ",173,257,So ªl Yonim 13qism
806,BAACAgQAAx0Ec8rVjQACAyZkYdT6CzI9Y4jTyNhUcXaHGvO-eAACBQ0AAgjTyFNK5oPgr1hX7S8E,"So ªl Yonim 14.qism

Uzbek tilida üá∫üáø

 ",193,258,So ªl Yonim 14qism
807,BAACAgQAAx0Ec8rVjQACAydkYdT6ebpituds3r_zOm-fDQqEnwAChwwAAmGryFMl6V7UbCVmay8E,"So ªl Yonim 15.qism

Uzbek tilida üá∫üáø

 ",167,259,So ªl Yonim 15qism
808,BAACAgIAAx0Ec8rVjQACAyhkYdT67-TE8xPqrT7zvWquC8xssAACQiAAAiTzCEgu31YURpTF4y8E,"So ªl Yonim 16.qism

Uzbek tilida üá∫üáø

 ",168,260,So ªl Yonim 16qism
809,BAACAgQAAx0Ec8rVjQACAylkYdT7QQl6waiGfWJyqnAH3iTc8QACCw0AAvvmGFD9Is4rGnTrhy8E,"So ªl Yonim 17.qism

Uzbek tilida üá∫üáø

 ",168,261,So ªl Yonim 17qism
810,BAACAgEAAx0Ec8rVjQACAypkYdUv0cm4vlTojee_LzUNlCN4DwAC_AIAAsisUERYSuK9veW1yy8E,"So ªl Yonim 18.qism

Uzbek tilida üá∫üáø

 ",169,262,So ªl Yonim 18qism
811,BAACAgIAAx0Ec8rVjQACAytkYdUvTmA9HcLQM9Hv7hH8AAFIDM4AArQiAAIMVWBIME0EXMTdj3IvBA,"So ªl Yonim 19.qism

Uzbek tilida üá∫üáø

 ",234,263,So ªl Yonim 19qism
812,BAACAgIAAx0Ec8rVjQACAyxkYdUvAcYJQD2PLobPVcLM2zpIOwACKR4AArJvmEjm_CVX0K03Bi8E,"So ªl Yonim 20.qism

Uzbek tilida üá∫üáø

 ",172,264,So ªl Yonim 20qism
813,BAACAgIAAx0Ec8rVjQACAy1kYdUvjqQgwv8yXHzbg3eFGRnATgACLyIAApvXqUigwH3JKTixtS8E,"So ªl Yonim 21.qism

Uzbek tilida üá∫üáø

 ",134,265,So ªl Yonim 21qism
814,BAACAgIAAx0Ec8rVjQACAy5kYdUwToy2_3tRXaN0eg8Osg6ZYgACnCIAAmaE6UjVRLXmfdoPcC8E,"So ªl Yonim 22.qism

Uzbek tilida üá∫üáø

 ",305,266,So ªl Yonim 22qism
815,BAACAgIAAx0Ec8rVjQACAy9kYdU0vLRPgViS4Ih1sHtByL8EPAACLSMAAklj8EhzfPbuX1Doqi8E,"So ªl Yonim 23.qism

Uzbek tilida üá∫üáø

 ",159,267,So ªl Yonim 23qism
816,BAACAgIAAx0Ec8rVjQACAzBkYdU04V27yNRZGKvPRPixa9ihcgAC2xsAAmq3OEn7NZufxsavXS8E,"So ªl Yonim 24.qism

Uzbek tilida üá∫üáø

 ",134,268,So ªl Yonim 24qism
817,BAACAgIAAx0Ec8rVjQACAzFkYdU0BnZ5Lq37lVJkDBANYPUIfAACGhsAAo4DQEmfDBne2UkJoS8E,"So ªl Yonim 25.qism

Uzbek tilida üá∫üáø

 ",167,269,So ªl Yonim 25qism
818,BAACAgIAAx0Ec8rVjQACAzJkYdU19hOCDkM9o2gUie9N0bWmfwACcR4AAtgEeUnm_HypjJ0JZC8E,"So ªl Yonim 26.qism

Uzbek tilida üá∫üáø

 ",121,270,So ªl Yonim 26qism
819,BAACAgIAAx0Ec8rVjQACAzNkYdU1jSoljJ4rgrmjtbtPRXCsYwAC5hoAAl0QiEkbgNz9hMEVQi8E,"So ªl Yonim 27.qism

Uzbek tilida üá∫üáø

 ",119,271,So ªl Yonim 27qism
820,BAACAgIAAx0Ec8rVjQACAzRkYdU8rnIgY792yzpFSBQn5_PLMAAC4xoAAsuJ2Un93ENeTAInji8E,"So ªl Yonim 28.qism

Uzbek tilida üá∫üáø

 ",209,272,So ªl Yonim 28qism
821,BAACAgIAAx0Ec8rVjQACAzVkYdU8csO7kPH5WFyWVPD41FNugQAC5B0AAgMXEErVEJfA5-xRxS8E,"So ªl Yonim 29.qism

Uzbek tilida üá∫üáø

 ",212,273,So ªl Yonim 29qism
822,BAACAgIAAx0Ec8rVjQACAzZkYdU8kJhlBS7LqNhju0k5kQ0EzwACCiQAAvA4GEr-PpGFNouBCy8E,"So ªl Yonim 30.qism

Uzbek tilida üá∫üáø

 ",363,274,So ªl Yonim 30qism
823,BAACAgIAAx0Ec8rVjQACAzdkYdU9cT8xm_6yTGsTlmI0sSO4zwACTiMAArZqWEr52BkHkU0ybi8E,"So ªl Yonim 31.qism

Uzbek tilida üá∫üáø

 ",246,275,So ªl Yonim 31qism
824,BAACAgIAAx0Ec8rVjQACAzhkYdU99_xA9fXIg-bCMCxmDkLfgQAC8RsAApGVaEqoXSu_X0_2_S8E,"So ªl Yonim 32.qism

Uzbek tilida üá∫üáø

 ",201,276,So ªl Yonim 32qism
825,BAACAgIAAx0Ec8rVjQACAzlkYdVEJorpGPAi-ua8uXgcO0UX7QACfyUAAgpooEpueXrrk-N_ey8E,"So ªl Yonim 33.qism

Uzbek tilida üá∫üáø

 ",201,277,So ªl Yonim 33qism
826,BAACAgIAAx0Ec8rVjQACAzpkYdVEjeVn9FkW4jvo9qmH65znPAACLCEAAj_y6Uox33IVmuyCri8E,"So ªl Yonim 35.qism

Uzbek tilida üá∫üáø

 ",156,278,So ªl Yonim 35qism
827,BAACAgIAAx0Ec8rVjQACAztkYdVEzDY9d1lUQB-6R4-7QhnVqAAC5SgAAuec-Up6GPZZyqkn0S8E,"So ªl Yonim 36.qism

Uzbek tilida üá∫üáø

 ",194,279,So ªl Yonim 36qism
828,BAACAgIAAx0Ec8rVjQACAzxkYdWtKLh1GsuRTbnAUyU3dLjT6gACoSgAAq4lMEuuPL1CW3Mgmi8E,"So ªl Yonim 37.qism

Uzbek tilida üá∫üáø

 ",417,280,So ªl Yonim 37qism
829,BAACAgIAAx0Ec8rVjQACAz1kYdWtmnkL55_cbul7VZMsVDW0KwACpiEAAvOsQEu21ETO5J_4YS8E,"So ªl Yonim 38.qism

Uzbek tilida üá∫üáø

Final ( yakunlovchi qism )

 ",367,281,So ªl Yonim 38qism
844,BAACAgIAAx0Ec8rVjQACA0xkYdXCF8Ibwk_v2KlS1lXACdQ3AgACJwYAAq86iUpG6P7TGTN3AAEvBA,"Alamzada Oshiq 2-qism (2018) Premyera 

#Koreys_seriali #Uzbek_tilida
#Alamzada_oshiq #Premyera


 ",311,296,Koreys_seriali 
845,BAACAgIAAx0Ec8rVjQACA01kYdXCVrsP7xVbyjq1szkfXNkXgAACswgAAsDUmUowHgpb9gorKC8E,"Alamzada Oshiq 3-qism (2018) Premyera 
#Koreys_seriali #Uzbek_tilida
#Alamzada_oshiq #Premyera
‚Ä¢·¥è Ä…™…¢…™…¥·¥Ä ü‚Ä¢


 ",299,297,Koreys_seriali 
846,BAACAgIAAx0Ec8rVjQACA05kYdXDetYe39WyHc2-trFXFKX8RwACrwcAAsYwoEqmT3SMbm8wei8E,"Alamzada Oshiq 4-qism (2018) Premyera 

#Koreys_seriali #Uzbek_tilida
#Alamzada_oshiq #Premyera


 ",324,298,Koreys_seriali 
847,BAACAgIAAx0Ec8rVjQACA09kYdYgs3kruJN2X34T6eoR7CsQwQACkwYAAsYwsErrl08Kal3FzS8E,"Alamzada Oshiq 5-qism (2018) Premyera 

#Koreys_seriali #Uzbek_tilida
#Alamzada_oshiq #Premyera


 ",319,299,Koreys_seriali 
859,BAACAgIAAx0Ec8rVjQACA1tkYdYrSokLiT-uhfvY30e3wNMd3AACowkAAjInyUrGFSvEfx06wy8E,"üé¨ ‚û∫ Sirli Olam / 1-QISM (2014)
üá∫üáø ‚û∫ O'zbek Tilida [720p | Tiniq!]
üåç ‚û∫ Davlati: Janubiy Koreya
‚öîÔ∏è ‚û∫ Janri: Romantika Komediya Fantaziya


 ",405,311,  Sirli Olam / 1QISM 
860,BAACAgIAAx0Ec8rVjQACA1xkYdYrrxjBbwLcHbgFhNY0t1d_VwACdgcAAoLlyEpAck3vtGZ5JS8E,"üé¨ ‚û∫ Sirli Olam / 2-QISM (2014)
üá∫üáø ‚û∫ O'zbek Tilida [720p | Tiniq!]
üåç ‚û∫ Davlati: Janubiy Koreya
‚öîÔ∏è ‚û∫ Janri: Romantika Komediya 


 ",397,312,  Sirli Olam / 2QISM 
861,BAACAgIAAx0Ec8rVjQACA11kYdYr_rhZbrJ076b4ogmP_WClmAACjQcAAoLlyEqQa3CBMTCVrS8E,"üé¨ ‚û∫ Sirli Olam / 3-QISM (2014)
üá∫üáø ‚û∫ O'zbek Tilida [720p | Tiniq!]
üåç ‚û∫ Davlati: Janubiy Koreya
‚öîÔ∏è ‚û∫ Janri: Romantika Komediya Fantaziya


 ",407,313,  Sirli Olam / 3QISM 
862,BAACAgIAAx0Ec8rVjQACA15kYdYyp0fKaN5N-AV2zQVB0AY7agACkgcAAoLlyEq89NgohgZoci8E,"üé¨ ‚û∫ Sirli Olam / 4-QISM (2014)
üá∫üáø ‚û∫ O'zbek Tilida [720p | Tiniq!]
üåç ‚û∫ Davlati: Janubiy Koreya
‚öîÔ∏è ‚û∫ Janri: Romantika Komediya 


 ",394,314,  Sirli Olam / 4QISM 
863,BAACAgIAAx0Ec8rVjQACA19kYdYyeh13IqVAoxreIBZqlAdGnAACtAcAAoLlyEqfsLbqJ6az-S8E,"üé¨ ‚û∫ Sirli Olam / 5-QISM (2014)
üá∫üáø ‚û∫ O'zbek Tilida [720p | Tiniq!]
üåç ‚û∫ Davlati: Janubiy Koreya
‚öîÔ∏è ‚û∫ Janri: Romantika Komediya Fantaziya


 ",395,315,  Sirli Olam / 5QISM 
864,BAACAgIAAx0Ec8rVjQACA2BkYdYypDHwIFrruWEX73WmEvNqdQACWAgAAoLlyEqgC9jGwa6j1S8E,"üé¨ ‚û∫ Sirli Olam / 6-QISM (2014)
üá∫üáø ‚û∫ O'zbek Tilida [720p | Tiniq!]
üåç ‚û∫ Davlati: Janubiy Koreya
‚öîÔ∏è ‚û∫ Janri: Romantika Komediya Fantaziya


 ",395,316,  Sirli Olam / 6QISM 
865,BAACAgIAAx0Ec8rVjQACA2FkYdYycCNLxy2aEHrjE1avUTv03gACWQgAAoLlyEqWt-3s_IO8ni8E,"üé¨ ‚û∫ Sirli Olam / 7-QISM (2014)
üá∫üáø ‚û∫ O'zbek Tilida [720p | Tiniq!]
üåç ‚û∫ Davlati: Janubiy Koreya
‚öîÔ∏è ‚û∫ Janri: Romantika Komediya Fantaziya


 ",387,317,  Sirli Olam / 7QISM 
866,BAACAgIAAx0Ec8rVjQACA2JkYdZ37ziBiNr7Vs9GHipPc6zIRgACEQsAAkKu8EpcoUmOv8sisi8E,"üé¨ ‚û∫ Sirli Olam / 8-QISM (2014)
üá∫üáø ‚û∫ O'zbek Tilida [720p | Tiniq!]
üåç ‚û∫ Davlati: Janubiy Koreya
‚öîÔ∏è ‚û∫ Janri: Romantika Komediya Fantaziya


 ",382,318,  Sirli Olam / 8QISM 
867,BAACAgIAAx0Ec8rVjQACA2NkYdZ3nVDdHxuNaRb-tkNhzhaKHgACcwgAAvxz-UoQLKLTVqerlC8E,"üé¨ ‚û∫ Sirli Olam / 9-QISM (2014)
üá∫üáø ‚û∫ O'zbek Tilida [720p | Tiniq!]
üåç ‚û∫ Davlati: Janubiy Koreya
‚öîÔ∏è ‚û∫ Janri: Romantika Komediya Fantaziya


 ",402,319,  Sirli Olam / 9QISM 
868,BAACAgIAAx0Ec8rVjQACA2RkYdZ30pzgfdcxcPhongy5uxNs8gACdwgAAvxz-UovvH3I4vD48S8E,"üé¨ ‚û∫ Sirli Olam / 10-QISM (2014)
üá∫üáø ‚û∫ O'zbek Tilida [720p | Tiniq!]
üåç ‚û∫ Davlati: Janubiy Koreya
‚öîÔ∏è ‚û∫ Janri: Romantika Komediya Fantaziya


 ",395,320,  Sirli Olam / 10QISM 
869,BAACAgQAAx0Ec8rVjQACA2VkYdZ38FjzQIf7YiSiAAEZTk59OhUAAqAJAAKDvyBTcj5dvTnHhrYvBA,"#Sirli_olam
#11_seriya
#uzbek_tili


 ",387,321,Sirli_olam
870,BAACAgQAAx0Ec8rVjQACA2ZkYdZ3umWlVrdne4gEwStoia95hwACwQkAAoO_IFOqDjM_TFvp4C8E,"#Sirli_olam
#12_seriya
#uzbek_tili


 ",393,322,Sirli_olam
871,BAACAgIAAx0Ec8rVjQACA2dkYdZ8dVxQmGnFXAYwbsRQG2ke5QACsAcAAqEDKUvHi2m8OTf4fS8E,"#Sirli_olam
#13_seriya
#uzbek_tili


 ",393,323,Sirli_olam
872,BAACAgQAAx0Ec8rVjQACA2hkYdZ9rDW9o2YV5yxgO25mIbSDHQACwwkAAoO_IFNBTcoYP-xRYi8E,"#Sirli_olam
#14_seriya


 ",407,324,Sirli_olam
873,BAACAgIAAx0Ec8rVjQACA2lkYdZ9-S-u3pTWcCOk6ja7T3RQ6wACVAcAAqEDMUsJIMvbJZhcyi8E,"#Sirli_olam
#15_seriya
#uzbek_tili


 ",387,325,Sirli_olam
876,BAACAgIAAx0Ec8rVjQACA2xkYdaEy3Y2y7wZINwj6YHAqFrfmAACTQoAAt53YEvr4V3WqoMM-S8E,"Sirli Olam (Pinokkio) 18-qism (2016) Premyera HD 


 ",326,328,@TaronaMove
877,BAACAgIAAx0Ec8rVjQACA21kYdaE4kkQV1V5loIx0oGvkblB-QACWwcAAhffcEuRRiVHlAnBHi8E,"#Sirli_Olam  
#19_QISM 
#Ozbek_Tilida
#Koreya_seriali


 ",393,329,Sirli_Olam  
878,BAACAgIAAx0Ec8rVjQACA25kYdaEVpxUJj_MWvbnjgsetx766QAC1wcAAs1mqUtx4u5lInKFMS8E,"#Sirli_Olam
#20_qism
#Yakuniy_qism
#Ozbek_Tilida
#Koreya_seriali
 

 ",390,330,Sirli_Olam
880,BAACAgIAAx0Ec8rVjQACA3BkYdaE-DrLHmmWIP3jc-EBkmk44gACMQQAAipZeUgC_AukomKMXC8E,"#Kutilmagan_taklif #–†–æ–º–∞–Ω—Ç–∏—á–µ—Å–∫–æ–µ_–ø—Ä–∏–ª–æ–∂–µ–Ω–∏–µ 

#2_seriya_Uzbek_tilida 


 ",320,332,Kutilmagan_taklif –†–æ–º–∞–Ω—Ç–∏—á–µ—Å–∫–æ–µ_–ø—Ä–∏–ª–æ–∂–µ–Ω–∏–µ 
881,BAACAgIAAx0Ec8rVjQACA3FkYdaMd0MZcA6jBIgoP0iFJZw_wAAChAcAAqn0mUhZ4t7btb0IPS8E,"Kutilmagan taklif #–†–æ–º–∞–Ω—Ç–∏—á–µ—Å–∫–æ–µ_–ø—Ä–∏–ª–æ–∂–µ–Ω–∏–µ 

#3_seriya_Uzbek_tilida 


 ",347,333,Kutilmagan taklif –†–æ–º–∞–Ω—Ç–∏—á–µ—Å–∫–æ–µ_–ø—Ä–∏–ª–æ–∂–µ–Ω–∏–µ 
882,BAACAgIAAx0Ec8rVjQACA3JkYdaMFOgGtINuxkN0jCdFjF-JZwAChwcAAqn0mUjt9c6TLYk-nC8E,"#Kutilmagan_taklif #–†–æ–º–∞–Ω—Ç–∏—á–µ—Å–∫–æ–µ_–ø—Ä–∏–ª–æ–∂–µ–Ω–∏–µ 

#4_seriya_Uzbek_tilida 


 ",283,334,Kutilmagan_taklif –†–æ–º–∞–Ω—Ç–∏—á–µ—Å–∫–æ–µ_–ø—Ä–∏–ª–æ–∂–µ–Ω–∏–µ 
941,BAACAgIAAx0Ec8rVjQACA61kYdhJhLV4Nhd4-qJ7vYeDasBVHwACUy0AAnY66Ut06XgFJsPWzC8E,"PREMYERA‚ö°Ô∏è 2023

üé•NOMI Arvoh ovchilari | 1QISM

DAVLATI AQSH 
SANASI 2023 
JANR #Jangari #serial
TILI O'zbek tilida  
Manba: uzmovi..com",158,393, Arvoh ovchilari | 1QISM
949,BAACAgIAAx0Ec8rVjQACA7VkYdhOQAEZcU0wKk5xnK7l1ZmJWAACESIAAuQp0EvCxtk3Kq3CHS8E,"PREMYERA‚ö°Ô∏è 2023

üé•NOMI Havfli hudud | 6 QISM

DAVLATI AQSH 
JANR #Hayotiy #Drama #serial
TILI O'zbek tilida 2023
Manba: uzmovi..com

Serialni keyingi qismlari  afsuski chiqmagan bu yakuniy qism",143,401, Havfli hudud | 6 QISM
965,BAACAgIAAx0Ec8rVjQACA8VkYdimwuznGlYuuafbPF40KhPWfQACPCUAAuQpyEvKB9KXewdVfC8E,"PREMYERA‚ö°Ô∏è 2023

üé•NOMI Havfli hudud | 5 QISM

DAVLATI AQSH 
JANR #Hayotiy #Drama #serial
TILI O'zbek tilida 2023
Manba: uzmovi..com",150,417, Havfli hudud | 5 QISM
971,BAACAgIAAx0Ec8rVjQACA8tkYdirJZ2l4Wipx63Od4ZWQ2onuAACmyEAAjfmuUtuZPrhodaAEi8E,"PREMYERA‚ö°Ô∏è 2023

üé•NOMI Havfli hudud | 4 QISM

DAVLATI AQSH 
JANR #Hayotiy #Drama #serial
TILI O'zbek tilida 2023
Manba: uzmovi..com",152,423, Havfli hudud | 4 QISM
981,BAACAgIAAx0Ec8rVjQACA9VkYdjxhPEfSwUdqYaqdjlv25x5TwACmiYAApz5oUvqXfyIGJGEtS8E,"PREMYERA‚ö°Ô∏è

üé•NOMI Havfli hudud |1 QISM

DAVLATI AQSH 
JANR #Hayotiy #Drama #serial
TILI O'zbek tilida 2023
Manba: uzmovi..com",154,433, Havfli hudud |1 QISM
982,BAACAgIAAx0Ec8rVjQACA9ZkYdjxkr6elxSNKuMKeyW0W7hgegACOS0AAkhHqEtGxuj2R7TmHC8E,"PREMYERA‚ö°Ô∏è 2023

üé•NOMI Havfli hudud | 2 QISM

DAVLATI AQSH 
JANR #Hayotiy #Drama #serial
TILI O'zbek tilida 2023
Manba: uzmovi..com",177,434, Havfli hudud | 2 QISM
992,BAACAgIAAx0Ec8rVjQACA-BkYdkzzr9qYShGZ6ZmOiVw8Tj5JAACJQYAApR7uUpfWUA1WRbOfS8E,"SHUNQOR 1-QISM
O'ZBEK TILIDA
#PREMYERA
#jangari #detektiv #drama #romantika
e/+3KvcLKAFwwgzMjQy",334,444,SHUNQOR 1QISM
993,BAACAgIAAx0Ec8rVjQACA-FkYdkzE8-B7k8Zd1LNESik6SnXJQAC3AQAAhSGwErnbnr8YC3jhC8E,"SHUNQOR 2-QISM
O'ZBEK TILIDA
#jangari #detektiv #drama #romantika
e/+3KvcLKAFwwgzMjQy",330,445,SHUNQOR 2QISM
994,BAACAgIAAx0Ec8rVjQACA-JkYdkzRiS0T-XsmBfCq_Y57-ACcAACbAQAApR7wUrv06ei6J9s0y8E,"SHUNQOR 3-QISM
O'ZBEK TILIDA
#jangari #detektiv #drama #romantika
e/+3KvcLKAFwwgzMjQy",350,446,SHUNQOR 3QISM
995,BAACAgIAAx0Ec8rVjQACA-NkYdkzpVEUGts6TzHGXFC-dVfcuAACFgUAAhSGyEqFnnuvMhFDKy8E,"SHUNQOR 4-QISM
O'ZBEK TILIDA
#jangari #detektiv #drama #romantika
e/+3KvcLKAFwwgzMjQy",339,447,SHUNQOR 4QISM
996,BAACAgIAAx0Ec8rVjQACA-RkYdk0VWry3_LNYeRRjMYabyUMrwACTwYAAhSGyEqLUSLNNENSWi8E,"SHUNQOR 5-QISM
O'ZBEK TILIDA
#jangari #detektiv #drama #romantika
e/+3KvcLKAFwwgzMjQy",350,448,SHUNQOR 5QISM
997,BAACAgIAAx0Ec8rVjQACA-VkYdk4fpaXCpJmYI8AAfNaxsqeQ3gAAkAGAAKvdtlKSOarIBOASgcvBA,"SHUNQOR 6-QISM
O'ZBEK TILIDA
#jangari #detektiv #drama #romantika
e/+3KvcLKAFwwgzMjQy",334,449,SHUNQOR 6QISM
998,BAACAgIAAx0Ec8rVjQACA-ZkYdk4cB0kx08GzUS9_ARdwD_0qwACFwYAAlXY8EqMiyBVP0wHoy8E,"SHUNQOR 7-QISM
O'ZBEK TILIDA
#jangari #detektiv #drama #romantika
e/+3KvcLKAFwwgzMjQy",335,450,SHUNQOR 7QISM
999,BAACAgIAAx0Ec8rVjQACA-dkYdk4y3GKJPv4NkbCMQtMiDIVMAACeAcAAiFe-ErxAprycPUroC8E,"SHUNQOR 8-QISM
O'ZBEK TILIDA
#jangari #detektiv #drama #romantika
e/+3KvcLKAFwwgzMjQy",331,451,SHUNQOR 8QISM
1000,BAACAgIAAx0Ec8rVjQACA-hkYdk4jSvWt5MTOnwFNV6gwS5szwACrQYAAr5wAUt7eSA58RpNOi8E,"SHUNQOR 9-QISM
O'ZBEK TILIDA
#jangari #detektiv #drama #romantika
e/+3KvcLKAFwwgzMjQy",350,452,SHUNQOR 9QISM
1001,BAACAgIAAx0Ec8rVjQACA-lkYdk5yK094DsXWbn-8CwqKsLNsQACrAUAAkRGMEswWUxe3jmwsC8E,"SHUNQOR 10-QISM
O'ZBEK TILIDA
#jangari #detektiv #drama
e/+3KvcLKAFwwgzMjQy",330,453,SHUNQOR 10QISM
1002,BAACAgIAAx0Ec8rVjQACA-pkYdk9f6IXr9Ok8WGzJsdxsvxKLgACggUAAq54GEsOHCYGv-Rgvy8E,"SHUNQOR 11-QISM
O'ZBEK TILIDA
#jangari #detektiv #drama #romantika
e/+3KvcLKAFwwgzMjQy",342,454,SHUNQOR 11QISM
1003,BAACAgIAAx0Ec8rVjQACA-tkYdk9hX1pG_D6bfqGzn3D0m9rgwACWQQAApkdKEsNvYbstwSyHC8E,"SHUNQOR 12-QISM
O'ZBEK TILIDA
#jangari #detektiv #drama #romantika
e/+3KvcLKAFwwgzMjQy",350,455,SHUNQOR 12QISM
1004,BAACAgIAAx0Ec8rVjQACA-xkYdk91uqzpC4LNoNPm7RI14EjbQACmwYAAkRGMEtu1IQiOAsVny8E,"SHUNQOR 13-QISM
O'ZBEK TILIDA
#jangari #detektiv #drama #romantika
e/+3KvcLKAFwwgzMjQy",341,456,SHUNQOR 13QISM
1005,BAACAgIAAx0Ec8rVjQACA-1kYdk-jlL8g2T8xn7fJZhydUGsfAAC4wUAAqDIQEvXLauF7FETpi8E,"SHUNQOR 14-QISM
O'ZBEK TILIDA
#jangari #detektiv #drama #romantika
e/+3KvcLKAFwwgzMjQy",332,457,SHUNQOR 14QISM
1006,BAACAgIAAx0Ec8rVjQACA-5kYdk-bSQdNo5cVKaxiOI_MRQyfAACigUAAo94WEsyArMgKRlt4y8E,"SHUNQOR 15-QISM
O'ZBEK TILIDA
#jangari #detektiv #drama #romantika
e/+3KvcLKAFwwgzMjQy",310,458,SHUNQOR 15QISM
1007,BAACAgIAAx0Ec8rVjQACA-9kYdlCgDKIeSgbulCK-AqB5tO5cgAC0gUAApfgWUuj19H-HOyjTy8E,"SHUNQOR 16-QISM
O'ZBEK TILIDA
#jangari #detektiv #drama #romantika
e/+nL_9ARPL9fZiMjg6",326,459,SHUNQOR 16QISM
1008,BAACAgIAAx0Ec8rVjQACA_BkYdlCZYSDbWo4-Pclzd42usBAOgACawYAAgWgaEseFG5R6Qu6DS8E,"SHUNQOR 17-QISM
O'ZBEK TILIDA
#jangari #detektiv #drama #romantika
e/+nL_9ARPL9fZiMjg6",339,460,SHUNQOR 17QISM
1009,BAACAgIAAx0Ec8rVjQACA_FkYdlDASaONkg0UZfjQY6AnEvviwACwwYAAm_EcUs7LzDOYjXX9S8E,"SHUNQOR 18-QISM
O'ZBEK TILIDA
#jangari #detektiv #drama #romantika
e/+nL_9ARPL9fZiMjg6",332,461,SHUNQOR 18QISM
1010,BAACAgIAAx0Ec8rVjQACA_JkYdlDRoOMO-5jfqWsLeNEpl5PdwAC8wUAAwaBS_6xk3qE7FCmLwQ,"SHUNQOR 19-QISM
O'ZBEK TILIDA
#jangari #detektiv #drama #romantika
e/+nL_9ARPL9fZiMjg6",336,462,SHUNQOR 19QISM
1011,BAACAgIAAx0Ec8rVjQACA_NkYdlx0tx5DYsBSLSXKGQJazQe_QAC4AYAAqBCiEsDIenSQ1zrUS8E,"SHUNQOR 20-QISM
O'ZBEK TILIDA
#jangari #detektiv #drama #romantika
#yakuniy_qism
e/+nL_9ARPL9fZiMjg6",329,463,SHUNQOR 20QISM
1012,BAACAgIAAx0Ec8rVjQACA_RkYdlx9fQ0nyN8J_SY_xR2pCGknQACogkAAqEPqUqTbh1j5zIxeS8E,"'SHIFOKOR QISMATI 'ü©∫ üöë  1-qism      
                                                                                                       


 ",288,464,SHIFOKOR QISMATI    1qism      
1013,BAACAgIAAx0Ec8rVjQACA_VkYdlxBnNT8Qt9rqLrTRmkShUvwgACFggAAqgEsErs7HD38MlV8C8E,"'SHIFOKOR QISMATI 'ü©∫ üöë 2-qism      
                                                                                                       


 ",292,465,SHIFOKOR QISMATI   2qism      
1014,BAACAgIAAx0Ec8rVjQACA_ZkYdlyKeKl-0MquUpqZWhVx76K-QACTg0AAl0q6UpFdZcwi8wzRy8E,"'SHIFOKOR QISMATI 'ü©∫ üöë 3-qism      
                                                                                                       


 ",281,466,SHIFOKOR QISMATI   3qism      
1015,BAACAgIAAx0Ec8rVjQACA_dkYdly_49EFT_rYy5iyTH0i3h0UgACgQoAAmdEEEt5wuw2eAVGRC8E,"'SHIFOKOR QISMATI 'ü©∫ üöë 4-qism      
                                                                                                       


 ",252,467,SHIFOKOR QISMATI   4qism      
1016,BAACAgIAAx0Ec8rVjQACA_hkYdl29YJ_ujMfWlIFormrmkDQlgACdgcAAsz_OUvt9UC4j85LaC8E,"'SHIFOKOR QISMATI 'ü©∫ üöë  5-qism      
                                                                                               


 ",222,468,SHIFOKOR QISMATI    5qism      
1017,BAACAgIAAx0Ec8rVjQACA_lkYdl2ZM3yiuEm5vWt0dL5gx6gNgACQAYAAuShSUvXEHWcKFgoHS8E,"'SHIFOKOR QISMATI'ü©∫ üöë  6-qism      
                                                                                                       


 ",213,469,SHIFOKOR QISMATI   6qism      
1018,BAACAgIAAx0Ec8rVjQACA_pkYdl2Zi3M0k3K9K6znbxtulvgNQACfQcAAtOXWUvB6G99Y-nY0S8E,"'SHIFOKOR QISMATI 'ü©∫ üöë 7-qism      
                                                                                                       


 ",232,470,SHIFOKOR QISMATI   7qism      
1019,BAACAgIAAx0Ec8rVjQACA_tkYdl3-T5ZTXH9rbf5Hp9gBdWFzgACXwcAAj-wYEvUVgqH02BRBi8E,"'SHIFOKOR QISMATI 'ü©∫ üöë 8-qism      
                                                                                                       


 ",272,471,SHIFOKOR QISMATI   8qism      
1020,BAACAgIAAx0Ec8rVjQACA_xkYdl3bQWVrlRQeu9k4BRSDLlq0QACvAcAAriHeEtB2MJPbbNCQi8E,"'SHIFOKOR QISMATI 'ü©∫ üöë 9-qism         
                                                                                                       


 ",261,472,SHIFOKOR QISMATI   9qism         
1021,BAACAgIAAx0Ec8rVjQACA_1kYdl75-mDv5mZesiACcZjHD33VQACIgwAAtYOeEv8qzMriNj_NS8E,"'SHIFOKOR QISMATI 'ü©∫  üöë 10-qism      
                                                                                                       


 ",185,473,SHIFOKOR QISMATI    10qism      
1022,BAACAgIAAx0Ec8rVjQACA_5kYdl7oKe1P8k6wFmGC_W4WerNewACEw0AAqA5gEtTrxWbHYSwHS8E,"'SHIFOKOR QISMATI 'ü©∫  üöë 11-qism      
                                                                                                       


 ",251,474,SHIFOKOR QISMATI    11qism      
1023,BAACAgIAAx0Ec8rVjQACA_9kYdl8FR06O_5kHkBTsUVBX56-cAACOQoAAhhAiUsuNYHUGK9dMi8E,"'SHIFOKOR QISMATI 'ü©∫ üöë  12-qism      
                                                                                                       


 ",215,475,SHIFOKOR QISMATI    12qism      
1024,BAACAgIAAx0Ec8rVjQACBAABZGHZfFobOwfBJPAxcoPcHbqvGNUAAo4NAAJXCqBLyvzj4btuc-wvBA,"'SHIFOKOR QISMATI 'ü©∫ üöë  13-qism      
                                                                                                       


 ",188,476,SHIFOKOR QISMATI    13qism      
1025,BAACAgIAAx0Ec8rVjQACBAFkYdl8wWSYkbjdIcm7W6Oe-RhCuQACNgcAAm3ZuUu_-QZPVmhi1S8E,"'SHIFOKOR QISMATI 'ü©∫  üöë 14-qism      
                                                                                                       


 ",213,477,SHIFOKOR QISMATI    14qism      
1026,BAACAgIAAx0Ec8rVjQACBAJkYdmDWjuGHWCgWGeoOO45sK3UZgACNAgAAkNRwEtNZd4MnXcRAy8E,"'SHIFOKOR QISMATI 'ü©∫ üöë  15-qism      
                                                                                                       


 ",225,478,SHIFOKOR QISMATI    15qism      
1027,BAACAgIAAx0Ec8rVjQACBANkYdmDCudA_402w70PMfDhr2ZutgACbgMAAmcRwUj1tFX37K9p0i8E,"'SHIFOKOR QISMATI 'ü©∫  üöë 19-qism      
                                                                                                       


 ",189,479,SHIFOKOR QISMATI    19qism      
1028,BAACAgIAAx0Ec8rVjQACBARkYdmDKHOhLflndMEB191zUtyK8QAC7QcAAlX1yUtDIaAUJeywmC8E,"'SHIFOKOR QISMATI 'ü©∫  üöë 16-qism      
                                                                                                       


 ",219,480,SHIFOKOR QISMATI    16qism      
1029,BAACAgIAAx0Ec8rVjQACBAVkYdmDj08go4wPf-u_71v0ZL60YwACpQoAAuYe0EsQxYKLTldTMi8E,"'SHIFOKOR QISMATI 'ü©∫  üöë 17-qism      
                                                                                                       


 ",252,481,SHIFOKOR QISMATI    17qism      
1030,BAACAgIAAx0Ec8rVjQACBAZkYdn3G-GM0QUyKBdv8PRb3zoeKQACWA0AAuAR2UsSIE04Gv7nGy8E,"'SHIFOKOR QISMATI 'ü©∫ üöë  18-qism      
                                                                                                       


 ",203,482,SHIFOKOR QISMATI    18qism      
1031,BAACAgIAAx0Ec8rVjQACBAdkYdn3FKW_7VYI2JbhklXpb0V_NgACdAMAAmcRwUiVnljZkWdufS8E,"'SHIFOKOR QISMATI 'ü©∫ üöë  20-qism      
                                                                                                     


 ",175,483,SHIFOKOR QISMATI    20qism      
1032,BAACAgIAAx0Ec8rVjQACBAhkYdn3dNXmAAEExZRoTct29U9oeEQAAhoGAAKvOolKnsO8mPOMomAvBA,"Alamzada Oshiq 1-qism (2018) Premyera 

#Koreys_seriali #Uzbek_tilida
#Alamzada_oshiq #Premyera


 ",293,484,Koreys_seriali 
1033,BAACAgEAAx0Ec8rVjQACBAlkYdn3jwXMSG0HA5dKl0so_ArfLQACPwIAAnrUgEUhy9DulYPlOS8E,"Quyosh avlodlari 8-qism Uzbek tilida

 ",249,485,Quyosh avlodlari 8qism 
1034,BAACAgEAAx0Ec8rVjQACBApkYdn4X5ajB00d_xt3rDtzvBXgCgACQAIAAnrUgEWiNWfqh2H7TS8E,"Quyosh avlodlari 9-qism Uzbek tilida

 ",242,486,Quyosh avlodlari 9qism 
1035,BAACAgEAAx0Ec8rVjQACBAtkYdn83BJ5uX5T_KRNYmwt3QokegACQwIAAnrUgEVRS_k8thrG1C8E,"Quyosh avlodlari 10-qism Uzbek tilida

 ",236,487,Quyosh avlodlari 10qism 
1036,BAACAgEAAx0Ec8rVjQACBAxkYdn8ptKrK0dp_jeGcukTsNJYRQACRAIAAnrUgEU6yPdyGSRCOC8E,"Quyosh avlodlari 11-qism Uzbek tilida

 ",233,488,Quyosh avlodlari 11qism 
1037,BAACAgEAAx0Ec8rVjQACBA1kYdn9_dV9fYSDqmNUidoMm6QJbAACRQIAAnrUgEVqA7CeB37TZC8E,"Quyosh avlodlari 12-qism Uzbek tilida

 ",248,489,Quyosh avlodlari 12qism 
1038,BAACAgEAAx0Ec8rVjQACBA5kYdn9tWWKS6TQ5TV37ng-IEBY8gACSAIAAnrUgEVSnV7jWoNInS8E,"Quyosh avlodlari 13-qism Uzbek tilida

 ",243,490,Quyosh avlodlari 13qism 
1039,BAACAgEAAx0Ec8rVjQACBA9kYdn9Jh8sGPuFuY69_o8v4PHvegACSQIAAnrUgEUBW7CiGIoO2C8E,"Quyosh avlodlari 14-qism Uzbek tilida

 ",244,491,Quyosh avlodlari 14qism 
1040,BAACAgEAAx0Ec8rVjQACBBBkYdoBGu2WgaFeOrafOGHfll4PLAACSgIAAnrUgEVa_K7-TZGwUy8E,"Quyosh avlodlari 15-qism Uzbek tilida

 ",241,492,Quyosh avlodlari 15qism 
1041,BAACAgEAAx0Ec8rVjQACBBFkYdoCezsxvYIjehseXDwHcdpM8gACSwIAAnrUgEWAkMV8u3v0Gi8E,"Quyosh avlodlari 16-qism Uzbek tilida

 ",257,493,Quyosh avlodlari 16qism 
1042,BAACAgEAAx0Ec8rVjQACBBJkYdoCDZTXtGFTWMHiAAEo7yE5lMcAAkwCAAJ61IBFew2xLjhGFrUvBA,"Quyosh avlodlari 17-qism Uzbek tilida

 ",247,494,Quyosh avlodlari 17qism 
1043,BAACAgEAAx0Ec8rVjQACBBNkYdoC5XFwLV16bw5MIWVcNWlkSAACTQIAAnrUgEXT2DsX_g9L7i8E,"Quyosh avlodlari 18-qism Uzbek tilida

 ",232,495,Quyosh avlodlari 18qism 
1044,BAACAgEAAx0Ec8rVjQACBBRkYdoCZ4LwrPlJbBBmXl4xnCKVtAACTgIAAnrUgEUX056hVjewVy8E,"Quyosh avlodlari 19-qism Uzbek tilida

 ",244,496,Quyosh avlodlari 19qism 
1045,BAACAgEAAx0Ec8rVjQACBBVkYdoJi94xOKvFokL69RQI5-2FaQACTwIAAnrUgEV3IBwMfEXOGS8E,"Quyosh avlodlari 20-qism Uzbek tilida

 ",238,497,Quyosh avlodlari 20qism 
1046,BAACAgEAAx0Ec8rVjQACBBZkYdoJvGrelRjIX5X6ZOEIG5X9BAACUgIAAnrUgEWtKJGz4bTcDS8E,"Quyosh avlodlari 21-qism Uzbek tilida

 ",231,498,Quyosh avlodlari 21qism 
1047,BAACAgEAAx0Ec8rVjQACBBdkYdoJGMk--htRb5mMBZwlh3bA8gACUQIAAnrUgEUcaaSK3UE9SC8E,"Quyosh avlodlari 22-qism Uzbek tilida

 ",254,499,Quyosh avlodlari 22qism 
1048,BAACAgEAAx0Ec8rVjQACBBhkYdoKX9SJfi6cQ3eUqbinLn4V9QACUwIAAnrUgEU4w4_JVBEkBi8E,"Quyosh avlodlari 23-qism Uzbek tilida

 ",232,500,Quyosh avlodlari 23qism 
1049,BAACAgEAAx0Ec8rVjQACBBlkYdpWvbboBJQRo0nn-jFDw-NjcwACVAIAAnrUgEW7j7MaMHyb7S8E,"Quyosh avlodlari 24-qism Uzbek tilida

 ",248,501,Quyosh avlodlari 24qism 
1050,BAACAgEAAx0Ec8rVjQACBBpkYdpW29F6XE3uyplZ0A2d_opdKgACVQIAAnrUgEU2bUXGOoS-XC8E,"Quyosh avlodlari 25-qism Uzbek tilida (YAKUNIY QISM)

 ",201,502,Quyosh avlodlari 25qism  YAKUNIY QI
1114,BAACAgIAAx0Ec8rVjQACBFpkYduEhIQWUPjxpgdschH6qYGv2wACAikAAjc1EUggkL_-L9tUPC8E,"PREMYERA‚ö°Ô∏è 2023

üé•NOMI Arvoh ovchilari | 2 QISM

DAVLATI AQSH 
SANASI 2023 
JANR #Jangari #serial
TILI O'zbek tilida¬† 
Manba: uzmovi..com",154,566, Arvoh ovchilari | 2 QISM
1219,BAACAgEAAx0Ec8rVjQACBMNkYd33Gl30H5j_khKIqZkxxGrF7QACMQIAAnrUgEVXq7aB8YUObS8E,"Quyosh avlodlari 1-qism Uzbek tilida

 ",225,671,Quyosh avlodlari 1qism 
1220,BAACAgEAAx0Ec8rVjQACBMRkYd37NV5IhSn9hyq0t1ib7-_Q7AACOQIAAnrUgEWZWp5EJ2ESgS8E,"Quyosh avlodlari 2-qism Uzbek tilida

 ",411,672,Quyosh avlodlari 2qism 
1221,BAACAgEAAx0Ec8rVjQACBMVkYd37-c_L8_TqeITjYz8acB1sQQACOgIAAnrUgEUDfTz7hb-EBy8E,"Quyosh avlodlari 3-qism Uzbek tilida

 ",228,673,Quyosh avlodlari 3qism 
1222,BAACAgEAAx0Ec8rVjQACBMZkYd38W7WB0Tx7OVOixg-ZRhAIQAACOwIAAnrUgEWiSkY3DZHyqi8E,"Quyosh avlodlari 4-qism Uzbek tilida

 ",237,674,Quyosh avlodlari 4qism 
1223,BAACAgEAAx0Ec8rVjQACBMdkYd38HxcKauI0U5Xmryce69mqywACPAIAAnrUgEUUrJOZlaTmoS8E,"Quyosh avlodlari 5-qism Uzbek tilida

 ",233,675,Quyosh avlodlari 5qism 
1224,BAACAgEAAx0Ec8rVjQACBMhkYd38g5NjrHgYNO02nF_8Gn6ckQACPQIAAnrUgEXvPZjd7JyHcy8E,"Quyosh avlodlari 6-qism Uzbek tilida

 ",228,676,Quyosh avlodlari 6qism 
1225,BAACAgEAAx0Ec8rVjQACBMlkYd4AAb3h7h2tPkY8ZhQPDfBLXOYAAj4CAAJ61IBFBdDxFmYYJrYvBA,"Quyosh avlodlari 7-qism Uzbek tilida

 ",235,677,Quyosh avlodlari 7qism 
1662,BAACAgQAAx0Ec8rVjQACBn5kYe5vPJY2-UhAf_vjA5Hsabh2ngACagwAApyeOVM1K6WxGIEigS8E,"Multserial:Marvel yuksalishi:Maxfiy urushlar 1-qism
Til:Rus Tili
Janr:JangariFantastik

 ",109,1114,Marvel yuksalishiMaxfiy urushlar 1qi
1663,BAACAgUAAx0Ec8rVjQACBn9kYe5vVZbOiGgxI1uAm_jAqjIZ9wACEAQAAts0OFdaDBSJ9U9Txi8E,"Multserial:Marvel yuksalishi:Axvohlarni taqib qilish 2-qism
Til:Rus Tili
Janr:JangariFantastik

 ",101,1115,Marvel yuksalishiAxvohlarni taqib qil
2031,BAACAgEAAx0Ec8rVjQACB-9kYfcv-7sJAnJqBVHRcU5vKpKsnQACvgIAAkwScEStkzYtKwg6IS8E,#RetroMultserialüé¨ Qora O'rdak 1.Qismüá∫üáø Uzbek tilidaüíΩ  175 Mbüñ• Sifati 480pEng sifatli Seriallar Markazi¬†¬†¬†¬†¬†¬†¬†¬†,175,1483, Qora Ordak 1Qism 
2148,BAACAgIAAx0Ec8rVjQACCGRkYfk_QuCt3zDUuI7mYj3BJeQOxAACySIAAvv_sUr5NV-SdA87EC8E,"O ªzga sayyoralik mahbubim 

Serial. 1 -qism
Tili: O‚Äòzbek tilida
Davlati: Koreya
Janri: drama romantika

 
üëâ 
üëâ ",185,1600,O ªzga sayyoralik mahbubim 
2149,BAACAgIAAx0Ec8rVjQACCGVkYfk_QpELuImUFX5Kn5sQwO5JrQAC0yIAAvv_sUozkw9fqxEJ2C8E,"O ªzga sayyoralik mahbubim 

Serial. 2 -qism
Tili: O‚Äòzbek tilida
Davlati: Koreya
Janri: drama romantika

 
üëâ 
üëâ ",200,1601,O ªzga sayyoralik mahbubim 
2150,BAACAgIAAx0Ec8rVjQACCGZkYflAgxKKNA-zR6-heesjlRDQ7gACDCMAAvv_sUqYKrA4tid-IS8E,"O ªzga sayyoralik mahbubim 

Serial. 3 -qism
Tili: O‚Äòzbek tilida
Davlati: Koreya
Janri: drama romantika

 
üëâ 
üëâ ",157,1602,O ªzga sayyoralik mahbubim 
2151,BAACAgIAAx0Ec8rVjQACCGdkYfliN-wwyCg6SXQMU5DjSWA4FgACLiUAAvv_sUpkYn-HfjK5bi8E,"O ªzga sayyoralik mahbubim 

Serial. 4 -qism
Tili: O‚Äòzbek tilida
Davlati: Koreya
Janri: drama romantika

 
üëâ 
üëâ ",182,1603,O ªzga sayyoralik mahbubim 
2152,BAACAgIAAx0Ec8rVjQACCGhkYflvNypCBP6b-pKC9_Tfo2s7MQACjCYAAjU6yUpHWVdMRIBS2S8E,"O ªzga sayyoralik mahbubim 

Serial. 18 -qism
Tili: O‚Äòzbek tilida
Davlati: Koreya
Janri: drama romantika

 
üëâ 
üëâ ",187,1604,O ªzga sayyoralik mahbubim 
2153,BAACAgIAAx0Ec8rVjQACCGlkYflvbnIyAz4b89POAAHISUgwNGEAAp0mAAI1OslKfqD_vjG3ob0vBA,"O ªzga sayyoralik mahbubim 

Serial. 19 -qism
Tili: O‚Äòzbek tilida
Davlati: Koreya
Janri: drama romantika

 
üëâ 
üëâ ",173,1605,O ªzga sayyoralik mahbubim 
2154,BAACAgIAAx0Ec8rVjQACCGpkYflvVQcqyCHF2uaECU6urlWhKwACFiAAArLR0UqNpU2Gfqfi3C8E,"O ªzga sayyoralik mahbubim 

Serial. 20 -qism
Tili: O‚Äòzbek tilida
Davlati: Koreya
Janri: drama romantika

 
üëâ 
üëâ ",231,1606,O ªzga sayyoralik mahbubim 
2155,BAACAgIAAx0Ec8rVjQACCGtkYflyQQEuaysiNrhOosTnwLCQ_AACciAAArLR0UpOtKx4KjHRUS8E,"O ªzga sayyoralik mahbubim 

Serial. 21 -qism
Tili: O‚Äòzbek tilida
Davlati: Koreya
Janri: drama romantika

 
üëâ 
üëâ ",221,1607,O ªzga sayyoralik mahbubim 
2156,BAACAgIAAx0Ec8rVjQACCGxkYflztEMYpFRUAAHC-cqwtXpk1QkAAvkgAAKy0dFKvnMtVdRGmz0vBA,"O ªzga sayyoralik mahbubim 

Serial. 22 -qism
Tili: O‚Äòzbek tilida
Davlati: Koreya
Janri: drama romantika

 
üëâ 
üëâ ",162,1608,O ªzga sayyoralik mahbubim 
2157,BAACAgIAAx0Ec8rVjQACCG1kYfnZfZ0eCi7jXgf1LRzWC4_XFwACBiEAArLR0UrNi7SVDJELti8E,"O ªzga sayyoralik mahbubim 

Serial. 23 -qism
Tili: O‚Äòzbek tilida
Davlati: Koreya
Janri: drama romantika

 
üëâ 
üëâ ",236,1609,O ªzga sayyoralik mahbubim 
2158,BAACAgIAAx0Ec8rVjQACCG5kYfnZZnoxlhaBaHaFY45FwxwQzgACTCEAArLR0UoEZaCd_Vp-zC8E,"O ªzga sayyoralik mahbubim 

Serial. 24 -qism
Tili: O‚Äòzbek tilida
Davlati: Koreya
Janri: drama romantika

 
üëâ 
üëâ ",158,1610,O ªzga sayyoralik mahbubim 
2159,BAACAgIAAx0Ec8rVjQACCG9kYfnZqkrjfJvPO1XOZbFS-qGMTAAChy8AAspz2UqdDrMJFZne2S8E,"O ªzga sayyoralik mahbubim 

Serial. 25 -qism
Tili: O‚Äòzbek tilida
Davlati: Koreya
Janri: drama romantika

 
üëâ 
üëâ ",183,1611,O ªzga sayyoralik mahbubim 
2160,BAACAgIAAx0Ec8rVjQACCHBkYfnalVgqepJWz8OkGFBh8VUQ3gACzy8AAspz2UpNt2bXYGbtIi8E,"O ªzga sayyoralik mahbubim 

Serial. 26 -qism
Tili: O‚Äòzbek tilida
Davlati: Koreya
Janri: drama romantika

 
üëâ 
üëâ ",187,1612,O ªzga sayyoralik mahbubim 
2161,BAACAgIAAx0Ec8rVjQACCHFkYfna58QS_Iq_FgABnpGm9N0bYJMAApkpAALKc-FKcoaVvq3DHJ8vBA,"O ªzga sayyoralik mahbubim 

Serial. 27 -qism
Tili: O‚Äòzbek tilida
Davlati: Koreya
Janri: drama romantika

 
üëâ 
üëâ ",215,1613,O ªzga sayyoralik mahbubim 
2162,BAACAgIAAx0Ec8rVjQACCHJkYfneAfsdX-9RYuzkrqNolp8F7AACYCEAAspz6UqMl80UeRkYBi8E,"O ªzga sayyoralik mahbubim 

Serial. 28 -qism
Tili: O‚Äòzbek tilida
Davlati: Koreya
Janri: drama romantika

 
üëâ 
üëâ ",182,1614,O ªzga sayyoralik mahbubim 
2163,BAACAgIAAx0Ec8rVjQACCHNkYfnfZ_miQFZSvXwAAUSFpE4Ejt4AAtMhAALKc-lKjHRh3rzAXx4vBA,"O ªzga sayyoralik mahbubim 

Serial. 29 -qism
Tili: O‚Äòzbek tilida
Davlati: Koreya
Janri: drama romantika

 
üëâ 
üëâ ",184,1615,O ªzga sayyoralik mahbubim 
2164,BAACAgIAAx0Ec8rVjQACCHRkYfnfvadxJ1tht0cJoHJ5n3V3EAAC3SEAAspz6UrM9KIvsnHHmS8E,"O ªzga sayyoralik mahbubim 

Serial. 30 -qism
Tili: O‚Äòzbek tilida
Davlati: Koreya
Janri: drama romantika

 
üëâ 
üëâ ",154,1616,O ªzga sayyoralik mahbubim 
2165,BAACAgIAAx0Ec8rVjQACCHVkYfnfeoYd5X6PmQbtvPk8ozCYCQACKyIAAspz6UrDSZvn0_8mdC8E,"O ªzga sayyoralik mahbubim 

Serial. 31 -qism
Tili: O‚Äòzbek tilida
Davlati: Koreya
Janri: drama romantika

 
üëâ 
üëâ ",192,1617,O ªzga sayyoralik mahbubim 
2182,BAACAgQAAx0Ec8rVjQACCIZkYfo_Uhv0Rnz9ESh_esJ90zzexQACPAoAAsPkiVJrCBFQDzvEZS8E,"Vorislar   1-qism

Tili: o ªzbek tilida
Janri: komediya melodrama romantika
Sifati: 480p
Davlati: Janubiy Koreya

 
üëâ 
üëâ ",363,1634,Vorislar   1qism
2183,BAACAgQAAx0Ec8rVjQACCIdkYfpAKe6p0sWs5ZfU_abEzuRY5AACjgwAAsPkkVJiKQk0wdJi4y8E,"Vorislar   2-qism

Tili: o ªzbek tilida
Janri: komediya melodrama romantika
Sifati: 480p
Davlati: Janubiy Koreya

 
üëâ 
üëâ ",311,1635,Vorislar   2qism
2184,BAACAgQAAx0Ec8rVjQACCIhkYfpAPIm46PsFSq3AK79aSHCmPwACjwwAAsPkkVI1w2TocEd9qy8E,"Vorislar   3-qism

Tili: o ªzbek tilida
Janri: komediya melodrama romantika
Sifati: 480p
Davlati: Janubiy Koreya

 
üëâ 
üëâ ",391,1636,Vorislar   3qism
2185,BAACAgQAAx0Ec8rVjQACCIlkYfpApvpfoMWe2Uslvvdc8TiYwAACTQsAAiDWoVKxw6mTk6J2Ky8E,"Vorislar   4-qism

Tili: o ªzbek tilida
Janri: komediya melodrama romantika
Sifati: 480p
Davlati: Janubiy Koreya

 
üëâ 
üëâ ",387,1637,Vorislar   4qism
2186,BAACAgQAAx0Ec8rVjQACCIpkYfpE5kpReIlD5JMYCxhol0mIjAACTgsAAiDWoVIiGvyHV_ltry8E,"Vorislar   5-qism

Tili: o ªzbek tilida
Janri: komediya melodrama romantika
Sifati: 480p
Davlati: Janubiy Koreya

 
üëâ 
üëâ ",352,1638,Vorislar   5qism
2187,BAACAgQAAx0Ec8rVjQACCItkYfpFZD8m3jfy3ZyivBmwxir3OAACWA4AAiDWqVIGU7tb98PF5S8E,"Vorislar   6-qism

Tili: o ªzbek tilida
Janri: komediya melodrama romantika
Sifati: 480p
Davlati: Janubiy Koreya

 
üëâ 
üëâ ",319,1639,Vorislar   6qism
2188,BAACAgQAAx0Ec8rVjQACCIxkYfpFdfxf1-UM8Q9h1ZJJ-7HuCAACWQ4AAiDWqVLiskNRbsd-lC8E,"Vorislar   7-qism

Tili: o ªzbek tilida
Janri: komediya melodrama romantika
Sifati: 480p
Davlati: Janubiy Koreya

 
üëâ 
üëâ ",352,1640,Vorislar   7qism
2189,BAACAgQAAx0Ec8rVjQACCI1kYfpFLe1Aw64kz5-9zbEL-7F-egAC-gwAAvfhsFLS_5_VtEE-bi8E,"Vorislar   8-qism

Tili: o ªzbek tilida
Janri: komediya melodrama romantika
Sifati: 480p
Davlati: Janubiy Koreya

 
üëâ 
üëâ ",347,1641,Vorislar   8qism
2190,BAACAgQAAx0Ec8rVjQACCI5kYfpF0KVnJlVepS7ch3yTGncBzgAC_QwAAvfhsFLkHsv8EFAImi8E,"Vorislar   9-qism

Tili: o ªzbek tilida
Janri: komediya melodrama romantika
Sifati: 480p
Davlati: Janubiy Koreya

 
üëâ 
üëâ ",343,1642,Vorislar   9qism
2191,BAACAgQAAx0Ec8rVjQACCI9kYfpMpFhn8iZfQd-rNMVcdJ6ghAACZgsAAjwgwFINvYmkQ8wR-i8E,"Vorislar   10-qism

Tili: o ªzbek tilida
Janri: komediya melodrama romantika
Sifati: 480p
Davlati: Janubiy Koreya

 
üëâ 
üëâ ",346,1643,Vorislar   10qism
2192,BAACAgQAAx0Ec8rVjQACCJBkYfpMtR41aT2ZV3iZkz-pho97NQACZwsAAjwgwFKh5uaL1JZ_IS8E,"Vorislar   11-qism

Tili: o ªzbek tilida
Janri: komediya melodrama romantika
Sifati: 480p
Davlati: Janubiy Koreya

 
üëâ 
üëâ ",369,1644,Vorislar   11qism
2193,BAACAgQAAx0Ec8rVjQACCJFkYfpMZAbVWzIW8ce3WNSyMY8T9wAC8Q0AAjwgyFI-ne271kw6Ry8E,"Vorislar   12-qism

Tili: o ªzbek tilida
Janri: komediya melodrama romantika
Sifati: 480p
Davlati: Janubiy Koreya

 
üëâ 
üëâ ",230,1645,Vorislar   12qism
2194,BAACAgQAAx0Ec8rVjQACCJJkYfpNP3jtnsb2khjLJjcFTfs_PgACrw0AAsHjwFKzAAEpodMFpkYvBA,"Vorislar   13-qism

Tili: o ªzbek tilida
Janri: komediya melodrama romantika
Sifati: 480p
Davlati: Janubiy Koreya

 
üëâ 
üëâ ",370,1646,Vorislar   13qism
2195,BAACAgQAAx0Ec8rVjQACCJNkYfq_EJ0U2811saOTsQMDp1hWDQACJQ8AAoZu0VLU2FNfbfY59y8E,"Vorislar   14-qism

Tili: o ªzbek tilida
Janri: komediya melodrama romantika
Sifati: 480p
Davlati: Janubiy Koreya

 
üëâ 
üëâ ",351,1647,Vorislar   14qism
2196,BAACAgQAAx0Ec8rVjQACCJRkYfq_ppeLWSm2KK7PgCZwWqDlwwACGw4AAvC50FKXWzAmAm4Yfi8E,"Vorislar   15-qism

Tili: o ªzbek tilida
Janri: komediya melodrama romantika
Sifati: 480p
Davlati: Janubiy Koreya

 
üëâ 
üëâ ",369,1648,Vorislar   15qism
2197,BAACAgQAAx0Ec8rVjQACCJVkYfq_deBMIQ3V-dFLaHxO4HxxygACJg8AAoZu0VJResazS9bqsC8E,"Vorislar   16-qism

Tili: o ªzbek tilida
Janri: komediya melodrama romantika
Sifati: 480p
Davlati: Janubiy Koreya

 
üëâ 
üëâ ",344,1649,Vorislar   16qism
2198,BAACAgQAAx0Ec8rVjQACCJZkYfq_Jzgu1LT2meHgMuOFfP8TMAACPBAAAkQ_2VIt4XxSUHvHTC8E,"Vorislar   17-qism

Tili: o ªzbek tilida
Janri: komediya melodrama romantika
Sifati: 480p
Davlati: Janubiy Koreya

 
üëâ 
üëâ ",341,1650,Vorislar   17qism
2199,BAACAgQAAx0Ec8rVjQACCJdkYfrAklY-VepxqP4lY7CCNGfsrAACPhAAAkQ_2VJYNDSGYIoMQC8E,"Vorislar   18-qism

Tili: o ªzbek tilida
Janri: komediya melodrama romantika
Sifati: 480p
Davlati: Janubiy Koreya

 
üëâ 
üëâ ",342,1651,Vorislar   18qism
2200,BAACAgQAAx0Ec8rVjQACCJhkYfrE1EzqJlPL46JrhYyKcpGxmwACPxAAAkQ_2VJNS7DsFhEZri8E,"Vorislar   19-qism

Tili: o ªzbek tilida
Janri: komediya melodrama romantika
Sifati: 480p
Davlati: Janubiy Koreya

 
üëâ 
üëâ ",374,1652,Vorislar   19qism
2201,BAACAgQAAx0Ec8rVjQACCJlkYfrEd0LcBHn1CNDAoOzMdPYJ8AACQBAAAkQ_2VLxZ8ol4iwuFS8E,"Vorislar   20-qism oxirgi qism 

Tili: o ªzbek tilida
Janri: komediya melodrama romantika
Sifati: 480p
Davlati: Janubiy Koreya

 
üëâ 
üëâ ",364,1653,Vorislar   20qism oxirgi qism 
